item,base_usd,base_eur,predicted_usd,predicted_eur,quantity,reference_currency,fx_usd_to_eur,fx_source,base_collected_at_utc,status,error
AK-47 | Asiimov (Field-Tested),39.5,34.069539999999996,38.67,33.3536484,2455,USD,0.86252,Frankfurter 2026-06-16 (ECB),2026-06-17T06:38:30.484799+00:00,ok,
AK-47 | Cartel (Battle-Scarred),15.19,13.101678799999998,14.94,12.8860488,160,USD,0.86252,Frankfurter 2026-06-16 (ECB),2026-06-17T09:12:20.028360+00:00,ok,
AK-47 | Cartel (Minimal Wear),21.03,18.1387956,20.9,18.026667999999997,1192,USD,0.86252,Frankfurter 2026-06-16 (ECB),2026-06-17T08:36:44.588219+00:00,ok,
AK-47 | Crane Flight (Minimal Wear),37.74,32.5515048,37.21,32.094369199999996,747,USD,0.86252,Frankfurter 2026-06-16 (ECB),2026-06-17T09:06:11.899802+00:00,ok,
AK-47 | Crossfade (Factory New),7.71,6.6500292,8.05,6.9432860000000005,1398,USD,0.86252,Frankfurter 2026-06-16 (ECB),2026-06-17T07:02:21.047226+00:00,ok,
AK-47 | Elite Build (Factory New),10.35,8.927081999999999,10.15,8.754578,1196,USD,0.86252,Frankfurter 2026-06-16 (ECB),2026-06-17T07:14:24.141605+00:00,ok,
AK-47 | Elite Build (Minimal Wear),2.78,2.3978056,2.72,2.3460544,3740,USD,0.86252,Frankfurter 2026-06-16 (ECB),2026-06-17T08:40:51.625007+00:00,ok,
AK-47 | Emerald Pinstripe (Battle-Scarred),2.52,2.1735504,2.5,2.1563,459,USD,0.86252,Frankfurter 2026-06-16 (ECB),2026-06-17T08:37:56.297627+00:00,ok,
AK-47 | Emerald Pinstripe (Field-Tested),2.45,2.113174,2.44,2.1045488,1282,USD,0.86252,Frankfurter 2026-06-16 (ECB),2026-06-17T07:04:58.522426+00:00,ok,
AK-47 | Frontside Misty (Field-Tested),16.36,14.1108272,16.22,13.990074399999997,1851,USD,0.86252,Frankfurter 2026-06-16 (ECB),2026-06-17T08:11:31.720023+00:00,ok,
AK-47 | Frontside Misty (Minimal Wear),30.04,25.9101008,29.63,25.556467599999998,1020,USD,0.86252,Frankfurter 2026-06-16 (ECB),2026-06-17T08:42:59.656885+00:00,ok,
AK-47 | Head Shot (Battle-Scarred),24.57,21.1921164,24.63,21.243867599999998,236,USD,0.86252,Frankfurter 2026-06-16 (ECB),2026-06-17T06:57:56.694519+00:00,ok,
AK-47 | Head Shot (Field-Tested),33.89,29.2308028,33.63,29.0065476,1320,USD,0.86252,Frankfurter 2026-06-16 (ECB),2026-06-17T06:21:59.247957+00:00,ok,
AK-47 | Head Shot (Minimal Wear),48.97,42.237604399999995,48.99,42.2548548,930,USD,0.86252,Frankfurter 2026-06-16 (ECB),2026-06-17T07:49:10.365025+00:00,ok,
AK-47 | Ice Coaled (Battle-Scarred),3.66,3.1568232,3.66,3.1568232,603,USD,0.86252,Frankfurter 2026-06-16 (ECB),2026-06-17T07:16:32.325392+00:00,ok,
AK-47 | Ice Coaled (Factory New),16.58,14.300581599999997,16.6,14.317832000000001,2384,USD,0.86252,Frankfurter 2026-06-16 (ECB),2026-06-17T06:53:06.102681+00:00,ok,
AK-47 | Ice Coaled (Field-Tested),4.09,3.5277068,3.99,3.4414548,9444,USD,0.86252,Frankfurter 2026-06-16 (ECB),2026-06-17T07:49:58.133156+00:00,ok,
AK-47 | Ice Coaled (Minimal Wear),7.7,6.641404,7.49,6.4602748,4837,USD,0.86252,Frankfurter 2026-06-16 (ECB),2026-06-17T07:50:33.529377+00:00,ok,
AK-47 | Ice Coaled (Well-Worn),4.46,3.8468392,4.34,3.7433368,225,USD,0.86252,Frankfurter 2026-06-16 (ECB),2026-06-17T08:30:33.935107+00:00,ok,
AK-47 | Inheritance (Battle-Scarred),34.09,29.403306800000003,34.22,29.515434399999997,455,USD,0.86252,Frankfurter 2026-06-16 (ECB),2026-06-17T07:53:18.500700+00:00,ok,
AK-47 | Inheritance (Factory New),132.92,114.64615839999998,129.68,111.8515936,1174,USD,0.86252,Frankfurter 2026-06-16 (ECB),2026-06-17T07:59:06.649021+00:00,ok,
AK-47 | Inheritance (Field-Tested),41.65,35.923958,41.63,35.9067076,4759,USD,0.86252,Frankfurter 2026-06-16 (ECB),2026-06-17T07:06:11.377365+00:00,ok,
AK-47 | Legion of Anubis (Battle-Scarred),30.79,26.556990799999998,30.36,26.1861072,104,USD,0.86252,Frankfurter 2026-06-16 (ECB),2026-06-17T08:26:42.873123+00:00,ok,
AK-47 | Legion of Anubis (Factory New),56.33,48.585751599999995,54.92,47.3695984,793,USD,0.86252,Frankfurter 2026-06-16 (ECB),2026-06-17T08:55:18.815064+00:00,ok,
AK-47 | Midnight Laminate (Battle-Scarred),2.18,1.8802936000000001,2.24,1.9320448000000001,223,USD,0.86252,Frankfurter 2026-06-16 (ECB),2026-06-17T08:07:20.112821+00:00,ok,
AK-47 | Midnight Laminate (Minimal Wear),9.72,8.3836944,10.16,8.7632032,1985,USD,0.86252,Frankfurter 2026-06-16 (ECB),2026-06-17T07:07:20.202122+00:00,ok,
AK-47 | Neon Rider (Field-Tested),44.24,38.1578848,43.96,37.9163792,1021,USD,0.86252,Frankfurter 2026-06-16 (ECB),2026-06-17T08:16:19.959344+00:00,ok,
AK-47 | Nightwish (Battle-Scarred),60.35,52.053081999999996,60.28,51.9927056,261,USD,0.86252,Frankfurter 2026-06-16 (ECB),2026-06-17T06:23:50.514302+00:00,ok,
AK-47 | Nightwish (Field-Tested),62.08,53.5452416,61.78,53.2864856,1273,USD,0.86252,Frankfurter 2026-06-16 (ECB),2026-06-17T06:45:09.669431+00:00,ok,
AK-47 | Nouveau Rouge (Battle-Scarred),7.01,6.0462652,6.96,6.0031392,161,USD,0.86252,Frankfurter 2026-06-16 (ECB),2026-06-17T07:02:44.296428+00:00,ok,
AK-47 | Nouveau Rouge (Field-Tested),11.44,9.8672288,11.43,9.858603599999999,1146,USD,0.86252,Frankfurter 2026-06-16 (ECB),2026-06-17T08:08:19.365684+00:00,ok,
AK-47 | Nouveau Rouge (Minimal Wear),29.95,25.832473999999998,29.84,25.7375968,745,USD,0.86252,Frankfurter 2026-06-16 (ECB),2026-06-17T08:48:38.431127+00:00,ok,
AK-47 | Phantom Disruptor (Battle-Scarred),4.93,4.2522236,4.86,4.1918472,177,USD,0.86252,Frankfurter 2026-06-16 (ECB),2026-06-17T07:43:54.784066+00:00,ok,
AK-47 | Point Disarray (Battle-Scarred),13.42,11.5750184,13.17,11.359388399999998,120,USD,0.86252,Frankfurter 2026-06-16 (ECB),2026-06-17T08:25:16.385779+00:00,ok,
AK-47 | Rat Rod (Field-Tested),4.38,3.7778376,4.39,3.7864627999999994,708,USD,0.86252,Frankfurter 2026-06-16 (ECB),2026-06-17T07:45:05.824943+00:00,ok,
AK-47 | Redline (Battle-Scarred),23.9,20.614227999999997,23.83,20.553851599999998,337,USD,0.86252,Frankfurter 2026-06-16 (ECB),2026-06-17T08:50:25.221364+00:00,ok,
AK-47 | Redline (Field-Tested),29.82,25.7203464,29.71,25.625469199999998,14002,USD,0.86252,Frankfurter 2026-06-16 (ECB),2026-06-17T07:17:42.806684+00:00,ok,
AK-47 | Searing Rage (Battle-Scarred),3.74,3.2258248,3.7,3.191324,457,USD,0.86252,Frankfurter 2026-06-16 (ECB),2026-06-17T07:48:03.089343+00:00,ok,
AK-47 | Searing Rage (Field-Tested),4.43,3.8209635999999993,4.33,3.7347116,2236,USD,0.86252,Frankfurter 2026-06-16 (ECB),2026-06-17T06:56:44.637365+00:00,ok,
AK-47 | Searing Rage (Minimal Wear),7.19,6.2015188,7.04,6.0721408,1367,USD,0.86252,Frankfurter 2026-06-16 (ECB),2026-06-17T08:43:17.729417+00:00,ok,
AK-47 | Slate (Battle-Scarred),3.4,2.932568,3.42,2.9498184,4287,USD,0.86252,Frankfurter 2026-06-16 (ECB),2026-06-17T07:44:10.555360+00:00,ok,
AK-47 | Slate (Factory New),18.57,16.0169964,19.0,16.38788,2599,USD,0.86252,Frankfurter 2026-06-16 (ECB),2026-06-17T07:48:35.951653+00:00,ok,
AK-47 | Slate (Field-Tested),4.26,3.6743352,4.29,3.7002108,11984,USD,0.86252,Frankfurter 2026-06-16 (ECB),2026-06-17T07:07:39.235941+00:00,ok,
AK-47 | Slate (Minimal Wear),6.71,5.7875092,6.74,5.8133848,7185,USD,0.86252,Frankfurter 2026-06-16 (ECB),2026-06-17T07:14:39.477528+00:00,ok,
AK-47 | Slate (Well-Worn),3.44,2.9670688,3.46,2.9843192,3919,USD,0.86252,Frankfurter 2026-06-16 (ECB),2026-06-17T07:50:16.409396+00:00,ok,
AK-47 | The Empress (Field-Tested),95.2,82.111904,93.01,80.2229852,1123,USD,0.86252,Frankfurter 2026-06-16 (ECB),2026-06-17T06:42:19.364779+00:00,ok,
AK-47 | The Empress (Minimal Wear),100.9,87.028268,98.08,84.5959616,897,USD,0.86252,Frankfurter 2026-06-16 (ECB),2026-06-17T08:33:22.526937+00:00,ok,
AK-47 | The Oligarch (Battle-Scarred),33.5,28.894419999999997,33.49,28.8857948,204,USD,0.86252,Frankfurter 2026-06-16 (ECB),2026-06-17T08:32:08.955367+00:00,ok,
AK-47 | The Oligarch (Field-Tested),62.79,54.1576308,61.38,52.9414776,745,USD,0.86252,Frankfurter 2026-06-16 (ECB),2026-06-17T07:10:01.500809+00:00,ok,
AK-47 | The Oligarch (Minimal Wear),114.04,98.3617808,111.14,95.8604728,823,USD,0.86252,Frankfurter 2026-06-16 (ECB),2026-06-17T08:28:28.937649+00:00,ok,
AK-47 | The Outsiders (Battle-Scarred),6.07,5.2354964,6.11,5.2699972,208,USD,0.86252,Frankfurter 2026-06-16 (ECB),2026-06-17T08:49:49.705561+00:00,ok,
AK-47 | The Outsiders (Field-Tested),7.13,6.1497676,6.84,5.8996368,2085,USD,0.86252,Frankfurter 2026-06-16 (ECB),2026-06-17T08:30:53.071206+00:00,ok,
AK-47 | Uncharted (Factory New),3.54,3.0533208,3.54,3.0533208,851,USD,0.86252,Frankfurter 2026-06-16 (ECB),2026-06-17T06:25:21.032687+00:00,ok,
AK-47 | Wintergreen (Minimal Wear),2.19,1.8889188,2.2,1.8975440000000001,2221,USD,0.86252,Frankfurter 2026-06-16 (ECB),2026-06-17T08:20:23.979433+00:00,ok,
AUG | Amber Slipstream (Factory New),1.54,1.3282808,1.51,1.3024052,353,USD,0.86252,Frankfurter 2026-06-16 (ECB),2026-06-17T06:23:13.806746+00:00,ok,
AUG | Carved Jade (Factory New),54.81,47.2747212,54.57,47.067716399999995,493,USD,0.86252,Frankfurter 2026-06-16 (ECB),2026-06-17T06:20:11.360820+00:00,ok,
AUG | Eye of Zapems (Factory New),12.53,10.807375599999999,12.72,10.9712544,832,USD,0.86252,Frankfurter 2026-06-16 (ECB),2026-06-17T06:43:16.389154+00:00,ok,
AUG | Eye of Zapems (Field-Tested),2.23,1.9234196,2.3,1.9837959999999997,991,USD,0.86252,Frankfurter 2026-06-16 (ECB),2026-06-17T08:58:38.944641+00:00,ok,
AUG | Fleet Flock (Field-Tested),10.65,9.185838,10.66,9.1944632,236,USD,0.86252,Frankfurter 2026-06-16 (ECB),2026-06-17T08:05:31.308327+00:00,ok,
AUG | Luxe Trim (Factory New),2.67,2.3029284,2.75,2.37193,132,USD,0.86252,Frankfurter 2026-06-16 (ECB),2026-06-17T06:21:03.295189+00:00,ok,
AUG | Momentum (Field-Tested),5.36,4.6231072,5.22,4.5023544,536,USD,0.86252,Frankfurter 2026-06-16 (ECB),2026-06-17T06:45:27.912486+00:00,ok,
AUG | Spalted Wood (Factory New),1.88,1.6215376,1.82,1.5697864,257,USD,0.86252,Frankfurter 2026-06-16 (ECB),2026-06-17T08:39:58.105057+00:00,ok,
AUG | Stymphalian (Factory New),11.98,10.3329896,11.94,10.2984888,311,USD,0.86252,Frankfurter 2026-06-16 (ECB),2026-06-17T08:23:16.714952+00:00,ok,
AUG | Stymphalian (Field-Tested),3.37,2.9066924,3.32,2.8635664,724,USD,0.86252,Frankfurter 2026-06-16 (ECB),2026-06-17T06:32:07.572597+00:00,ok,
AUG | Stymphalian (Minimal Wear),4.08,3.5190816,4.01,3.4587052,357,USD,0.86252,Frankfurter 2026-06-16 (ECB),2026-06-17T08:06:09.024817+00:00,ok,
AUG | Syd Mead (Field-Tested),10.87,9.375592399999999,10.57,9.1168364,440,USD,0.86252,Frankfurter 2026-06-16 (ECB),2026-06-17T06:22:55.205932+00:00,ok,
AUG | Syd Mead (Minimal Wear),11.88,10.2467376,11.62,10.0224824,288,USD,0.86252,Frankfurter 2026-06-16 (ECB),2026-06-17T06:39:28.984810+00:00,ok,
AWP | Asiimov (Battle-Scarred),74.22,64.0162344,73.9,63.740228,1487,USD,0.86252,Frankfurter 2026-06-16 (ECB),2026-06-17T06:34:28.819227+00:00,ok,
AWP | Asiimov (Field-Tested),117.9,101.691108,116.41,100.40595319999998,2871,USD,0.86252,Frankfurter 2026-06-16 (ECB),2026-06-17T08:17:08.777013+00:00,ok,
AWP | Atheris (Battle-Scarred),3.39,2.9239428,3.52,3.0360704,823,USD,0.86252,Frankfurter 2026-06-16 (ECB),2026-06-17T08:03:44.660307+00:00,ok,
AWP | Atheris (Field-Tested),4.66,4.0193432,4.63,3.9934676,2471,USD,0.86252,Frankfurter 2026-06-16 (ECB),2026-06-17T08:36:08.675558+00:00,ok,
AWP | Atheris (Well-Worn),3.36,2.8980672,3.32,2.8635664,527,USD,0.86252,Frankfurter 2026-06-16 (ECB),2026-06-17T08:04:57.122196+00:00,ok,
AWP | Black Nile (Battle-Scarred),3.16,2.7255632,3.23,2.7859396,580,USD,0.86252,Frankfurter 2026-06-16 (ECB),2026-06-17T07:02:04.433322+00:00,ok,
AWP | Black Nile (Field-Tested),2.97,2.5616844,3.06,2.6393112,1115,USD,0.86252,Frankfurter 2026-06-16 (ECB),2026-06-17T08:22:42.644705+00:00,ok,
AWP | Black Nile (Minimal Wear),5.56,4.7956112,5.7,4.916364,553,USD,0.86252,Frankfurter 2026-06-16 (ECB),2026-06-17T07:53:02.016751+00:00,ok,
AWP | Chromatic Aberration (Minimal Wear),38.46,33.172519199999996,37.99,32.7671348,852,USD,0.86252,Frankfurter 2026-06-16 (ECB),2026-06-17T06:37:01.952575+00:00,ok,
AWP | Chrome Cannon (Battle-Scarred),24.0,20.70048,23.83,20.553851599999998,284,USD,0.86252,Frankfurter 2026-06-16 (ECB),2026-06-17T07:18:02.419228+00:00,ok,
AWP | Chrome Cannon (Field-Tested),29.38,25.340837599999997,29.01,25.0217052,1683,USD,0.86252,Frankfurter 2026-06-16 (ECB),2026-06-17T06:54:21.347299+00:00,ok,
AWP | Chrome Cannon (Minimal Wear),39.04,33.6727808,37.8,32.603255999999995,1132,USD,0.86252,Frankfurter 2026-06-16 (ECB),2026-06-17T08:35:13.965186+00:00,ok,
AWP | Crakow! (Battle-Scarred),18.61,16.0514972,18.65,16.085997999999996,276,USD,0.86252,Frankfurter 2026-06-16 (ECB),2026-06-17T08:03:24.848714+00:00,ok,
AWP | Crakow! (Field-Tested),26.19,22.5893988,26.13,22.5376476,1271,USD,0.86252,Frankfurter 2026-06-16 (ECB),2026-06-17T08:55:52.596154+00:00,ok,
AWP | Crakow! (Minimal Wear),53.07,45.7739364,53.25,45.92919,883,USD,0.86252,Frankfurter 2026-06-16 (ECB),2026-06-17T08:21:34.302311+00:00,ok,
AWP | Duality (Battle-Scarred),2.64,2.2770528,2.66,2.2943032,452,USD,0.86252,Frankfurter 2026-06-16 (ECB),2026-06-17T07:17:22.046705+00:00,ok,
AWP | Duality (Field-Tested),3.16,2.7255632,3.23,2.7859396,3537,USD,0.86252,Frankfurter 2026-06-16 (ECB),2026-06-17T06:25:01.003541+00:00,ok,
AWP | Duality (Minimal Wear),5.66,4.8818632,5.74,4.9508648,1783,USD,0.86252,Frankfurter 2026-06-16 (ECB),2026-06-17T06:45:43.149874+00:00,ok,
AWP | Elite Build (Battle-Scarred),12.11,10.445117199999999,12.23,10.5486196,207,USD,0.86252,Frankfurter 2026-06-16 (ECB),2026-06-17T08:53:12.744332+00:00,ok,
AWP | Exoskeleton (Battle-Scarred),4.29,3.7002108,4.33,3.7347116,388,USD,0.86252,Frankfurter 2026-06-16 (ECB),2026-06-17T06:56:08.809139+00:00,ok,
AWP | Exoskeleton (Field-Tested),5.45,4.700734,5.45,4.700734,631,USD,0.86252,Frankfurter 2026-06-16 (ECB),2026-06-17T08:42:42.790731+00:00,ok,
AWP | Green Energy (Battle-Scarred),6.89,5.9427628,6.84,5.8996368,151,USD,0.86252,Frankfurter 2026-06-16 (ECB),2026-06-17T08:03:08.569059+00:00,ok,
AWP | Green Energy (Minimal Wear),22.77,19.6395804,22.79,19.656830799999998,889,USD,0.86252,Frankfurter 2026-06-16 (ECB),2026-06-17T08:19:44.832891+00:00,ok,
AWP | Hyper Beast (Battle-Scarred),30.55,26.349985999999998,30.49,26.298234799999996,258,USD,0.86252,Frankfurter 2026-06-16 (ECB),2026-06-17T06:29:07.658972+00:00,ok,
AWP | Hyper Beast (Field-Tested),33.94,29.273928799999997,33.87,29.213552399999998,607,USD,0.86252,Frankfurter 2026-06-16 (ECB),2026-06-17T07:46:33.837925+00:00,ok,
AWP | Ice Coaled (Battle-Scarred),3.95,3.406954,3.95,3.406954,550,USD,0.86252,Frankfurter 2026-06-16 (ECB),2026-06-17T07:15:16.581525+00:00,ok,
AWP | Ice Coaled (Field-Tested),7.62,6.5724024,7.62,6.5724024,927,USD,0.86252,Frankfurter 2026-06-16 (ECB),2026-06-17T06:51:53.595757+00:00,ok,
AWP | Mortis (Battle-Scarred),3.21,2.7686892,3.2,2.760064,200,USD,0.86252,Frankfurter 2026-06-16 (ECB),2026-06-17T08:37:00.489125+00:00,ok,
AWP | Mortis (Field-Tested),3.41,2.9411932,3.46,2.9843192,2261,USD,0.86252,Frankfurter 2026-06-16 (ECB),2026-06-17T06:48:59.682361+00:00,ok,
AWP | Neo-Noir (Factory New),56.34,48.5943768,55.71,48.0509892,1055,USD,0.86252,Frankfurter 2026-06-16 (ECB),2026-06-17T09:02:28.905597+00:00,ok,
AWP | Printstream (Battle-Scarred),40.48,34.9148096,39.96,34.4662992,323,USD,0.86252,Frankfurter 2026-06-16 (ECB),2026-06-17T09:05:17.158284+00:00,ok,
AWP | Printstream (Field-Tested),46.92,40.4694384,46.36,39.986427199999994,2585,USD,0.86252,Frankfurter 2026-06-16 (ECB),2026-06-17T07:52:27.884444+00:00,ok,
AWP | Printstream (Minimal Wear),76.48,65.9655296,74.39,64.1628628,1601,USD,0.86252,Frankfurter 2026-06-16 (ECB),2026-06-17T08:15:06.937875+00:00,ok,
AWP | Printstream (Well-Worn),41.46,35.7600792,40.7,35.104564,519,USD,0.86252,Frankfurter 2026-06-16 (ECB),2026-06-17T07:09:43.874074+00:00,ok,
AWP | Redline (Field-Tested),36.01,31.059345199999996,35.45,30.576334,1944,USD,0.86252,Frankfurter 2026-06-16 (ECB),2026-06-17T08:31:12.096919+00:00,ok,
AWP | Sun in Leo (Field-Tested),21.01,18.1215452,21.07,18.173296399999998,449,USD,0.86252,Frankfurter 2026-06-16 (ECB),2026-06-17T09:11:25.126827+00:00,ok,
AWP | The End (Minimal Wear),27.89,24.0556828,29.15,25.142457999999998,236,USD,0.86252,Frankfurter 2026-06-16 (ECB),2026-06-17T09:12:37.515781+00:00,ok,
AWP | Wildfire (Field-Tested),45.99,39.6672948,45.66,39.382663199999996,1013,USD,0.86252,Frankfurter 2026-06-16 (ECB),2026-06-17T07:56:36.001119+00:00,ok,
CZ75-Auto | Circaetus (Factory New),1.71,1.4749092,1.71,1.4749092,256,USD,0.86252,Frankfurter 2026-06-16 (ECB),2026-06-17T06:36:44.959130+00:00,ok,
Desert Eagle | Code Red (Field-Tested),42.79,36.9072308,42.06,36.2775912,567,USD,0.86252,Frankfurter 2026-06-16 (ECB),2026-06-17T08:15:26.935790+00:00,ok,
Desert Eagle | Conspiracy (Factory New),19.24,16.5948848,19.15,16.517257999999998,2010,USD,0.86252,Frankfurter 2026-06-16 (ECB),2026-06-17T08:12:26.891449+00:00,ok,
Desert Eagle | Crimson Web (Field-Tested),10.54,9.0909608,10.52,9.0737104,697,USD,0.86252,Frankfurter 2026-06-16 (ECB),2026-06-17T07:08:28.879387+00:00,ok,
Desert Eagle | Firebreathing (Factory New),7.14,6.1583928,7.56,6.5206512,530,USD,0.86252,Frankfurter 2026-06-16 (ECB),2026-06-17T08:24:24.613011+00:00,ok,
Desert Eagle | Firebreathing (Minimal Wear),2.37,2.0441724,2.36,2.0355472,502,USD,0.86252,Frankfurter 2026-06-16 (ECB),2026-06-17T09:10:11.722467+00:00,ok,
Desert Eagle | Heat Treated (Minimal Wear),3.19,2.7514388,3.37,2.9066924,5136,USD,0.86252,Frankfurter 2026-06-16 (ECB),2026-06-17T06:57:03.718105+00:00,ok,
Desert Eagle | Kumicho Dragon (Battle-Scarred),18.83,16.2412516,18.44,15.904868800000001,143,USD,0.86252,Frankfurter 2026-06-16 (ECB),2026-06-17T08:01:22.583738+00:00,ok,
Desert Eagle | Kumicho Dragon (Minimal Wear),29.17,25.1597084,28.97,24.987204399999996,350,USD,0.86252,Frankfurter 2026-06-16 (ECB),2026-06-17T08:58:21.191440+00:00,ok,
Desert Eagle | Mecha Industries (Factory New),15.23,13.1361796,15.3,13.196556,1127,USD,0.86252,Frankfurter 2026-06-16 (ECB),2026-06-17T07:49:42.604670+00:00,ok,
Desert Eagle | Mecha Industries (Minimal Wear),7.74,6.6759048,7.79,6.7190308,1281,USD,0.86252,Frankfurter 2026-06-16 (ECB),2026-06-17T07:47:27.857276+00:00,ok,
Desert Eagle | Mulberry (Factory New),18.45,15.913493999999998,19.27,16.620760399999998,929,USD,0.86252,Frankfurter 2026-06-16 (ECB),2026-06-17T08:20:04.844247+00:00,ok,
Desert Eagle | Mulberry (Field-Tested),2.47,2.1304244,2.54,2.1908008,1370,USD,0.86252,Frankfurter 2026-06-16 (ECB),2026-06-17T09:07:45.872748+00:00,ok,
Desert Eagle | Mulberry (Minimal Wear),8.68,7.4866736,9.02,7.7799304,1154,USD,0.86252,Frankfurter 2026-06-16 (ECB),2026-06-17T06:46:03.034492+00:00,ok,
Desert Eagle | Ocean Drive (Field-Tested),63.05,54.381885999999994,62.43,53.847123599999996,401,USD,0.86252,Frankfurter 2026-06-16 (ECB),2026-06-17T06:46:20.742927+00:00,ok,
Desert Eagle | Printstream (Factory New),76.93,66.3536636,75.75,65.33588999999999,1354,USD,0.86252,Frankfurter 2026-06-16 (ECB),2026-06-17T08:53:32.007058+00:00,ok,
Desert Eagle | Printstream (Field-Tested),36.04,31.0852208,36.07,31.111096399999997,4849,USD,0.86252,Frankfurter 2026-06-16 (ECB),2026-06-17T07:13:11.906901+00:00,ok,
Desert Eagle | Printstream (Minimal Wear),46.39,40.0123028,46.22,39.865674399999996,3382,USD,0.86252,Frankfurter 2026-06-16 (ECB),2026-06-17T08:27:00.496187+00:00,ok,
Desert Eagle | Serpent Strike (Factory New),2.15,1.854418,2.12,1.8285424,2215,USD,0.86252,Frankfurter 2026-06-16 (ECB),2026-06-17T06:41:08.678490+00:00,ok,
Desert Eagle | Trigger Discipline (Factory New),7.81,6.7362812,7.89,6.8052828,762,USD,0.86252,Frankfurter 2026-06-16 (ECB),2026-06-17T08:23:49.390097+00:00,ok,
Dual Berettas | Flora Carnivora (Factory New),4.63,3.9934676,4.76,4.1055952,475,USD,0.86252,Frankfurter 2026-06-16 (ECB),2026-06-17T06:33:52.572865+00:00,ok,
Dual Berettas | Hydro Strike (Factory New),6.63,5.7185076,6.71,5.7875092,283,USD,0.86252,Frankfurter 2026-06-16 (ECB),2026-06-17T06:36:26.267160+00:00,ok,
Dual Berettas | Melondrama (Battle-Scarred),5.19,4.4764788,5.04,4.3471008,441,USD,0.86252,Frankfurter 2026-06-16 (ECB),2026-06-17T08:27:33.732285+00:00,ok,
Dual Berettas | Melondrama (Factory New),17.75,15.309729999999998,17.58,15.163101599999997,392,USD,0.86252,Frankfurter 2026-06-16 (ECB),2026-06-17T08:13:20.908779+00:00,ok,
Dual Berettas | Melondrama (Field-Tested),5.85,5.045742,5.87,5.0629924,1698,USD,0.86252,Frankfurter 2026-06-16 (ECB),2026-06-17T06:31:13.872607+00:00,ok,
Dual Berettas | Melondrama (Minimal Wear),6.89,5.9427628,6.72,5.7961344,900,USD,0.86252,Frankfurter 2026-06-16 (ECB),2026-06-17T06:51:19.428923+00:00,ok,
Dual Berettas | Sweet Little Angels (Factory New),11.62,10.0224824,11.97,10.3243644,758,USD,0.86252,Frankfurter 2026-06-16 (ECB),2026-06-17T09:03:19.551606+00:00,ok,
Dual Berettas | Sweet Little Angels (Field-Tested),2.23,1.9234196,2.24,1.9320448000000001,980,USD,0.86252,Frankfurter 2026-06-16 (ECB),2026-06-17T08:35:32.535084+00:00,ok,
Dual Berettas | Twin Turbo (Minimal Wear),6.65,5.735758,6.61,5.7012572,222,USD,0.86252,Frankfurter 2026-06-16 (ECB),2026-06-17T06:40:49.248194+00:00,ok,
FAMAS | 2A2F (Factory New),8.65,7.460798,8.7,7.503923999999999,733,USD,0.86252,Frankfurter 2026-06-16 (ECB),2026-06-17T06:26:16.003733+00:00,ok,
FAMAS | Bad Trip (Battle-Scarred),41.76,36.0188352,41.61,35.889457199999995,135,USD,0.86252,Frankfurter 2026-06-16 (ECB),2026-06-17T08:27:51.718336+00:00,ok,
FAMAS | Djinn (Field-Tested),10.92,9.4187184,10.69,9.220338799999999,286,USD,0.86252,Frankfurter 2026-06-16 (ECB),2026-06-17T06:52:12.872452+00:00,ok,
FAMAS | Eye of Athena (Field-Tested),4.8,4.140096,4.75,4.09697,303,USD,0.86252,Frankfurter 2026-06-16 (ECB),2026-06-17T06:49:50.588151+00:00,ok,
FAMAS | Eye of Athena (Minimal Wear),8.98,7.7454296,8.86,7.641927199999999,225,USD,0.86252,Frankfurter 2026-06-16 (ECB),2026-06-17T09:12:00.681670+00:00,ok,
FAMAS | Rapid Eye Movement (Battle-Scarred),5.35,4.614482,5.28,4.5541056,388,USD,0.86252,Frankfurter 2026-06-16 (ECB),2026-06-17T06:30:17.915780+00:00,ok,
FAMAS | Rapid Eye Movement (Field-Tested),5.95,5.131994,6.14,5.2958728,2017,USD,0.86252,Frankfurter 2026-06-16 (ECB),2026-06-17T06:34:44.180087+00:00,ok,
FAMAS | Rapid Eye Movement (Minimal Wear),6.93,5.9772636,6.77,5.8392604,842,USD,0.86252,Frankfurter 2026-06-16 (ECB),2026-06-17T06:53:45.678700+00:00,ok,
FAMAS | Yeti Camo (Factory New),2.21,1.9061692,2.39,2.0614228,1043,USD,0.86252,Frankfurter 2026-06-16 (ECB),2026-06-17T07:00:14.128346+00:00,ok,
Five-SeveN | Boost Protocol (Minimal Wear),5.51,4.7524852,5.5,4.74386,355,USD,0.86252,Frankfurter 2026-06-16 (ECB),2026-06-17T08:53:49.587773+00:00,ok,
Five-SeveN | Capillary (Factory New),2.15,1.854418,2.11,1.8199172,280,USD,0.86252,Frankfurter 2026-06-16 (ECB),2026-06-17T06:51:02.824728+00:00,ok,
Five-SeveN | Fowl Play (Field-Tested),17.47,15.068224399999998,17.2,14.835344,220,USD,0.86252,Frankfurter 2026-06-16 (ECB),2026-06-17T06:47:46.600663+00:00,ok,
Five-SeveN | Heat Treated (Battle-Scarred),3.29,2.8376908,3.2,2.760064,1238,USD,0.86252,Frankfurter 2026-06-16 (ECB),2026-06-17T08:51:48.893881+00:00,ok,
Five-SeveN | Heat Treated (Field-Tested),3.34,2.8808168,3.4,2.932568,3636,USD,0.86252,Frankfurter 2026-06-16 (ECB),2026-06-17T07:48:19.681223+00:00,ok,
Five-SeveN | Heat Treated (Minimal Wear),5.81,5.0112412,6.01,5.1837452,2271,USD,0.86252,Frankfurter 2026-06-16 (ECB),2026-06-17T07:55:43.604791+00:00,ok,
Five-SeveN | Hybrid (Factory New),4.02,3.4673303999999994,4.07,3.5104564000000003,479,USD,0.86252,Frankfurter 2026-06-16 (ECB),2026-06-17T06:30:55.824602+00:00,ok,
Five-SeveN | Monkey Business (Field-Tested),10.72,9.2462144,10.65,9.185838,1138,USD,0.86252,Frankfurter 2026-06-16 (ECB),2026-06-17T06:29:24.299489+00:00,ok,
Five-SeveN | Urban Hazard (Factory New),4.6,3.9675919999999993,4.76,4.1055952,568,USD,0.86252,Frankfurter 2026-06-16 (ECB),2026-06-17T06:35:18.166843+00:00,ok,
Five-SeveN | Violent Daimyo (Factory New),2.59,2.2339268,2.55,2.199426,502,USD,0.86252,Frankfurter 2026-06-16 (ECB),2026-06-17T06:24:26.009644+00:00,ok,
G3SG1 | Dream Glade (Factory New),4.02,3.4673303999999994,4.02,3.4673303999999994,400,USD,0.86252,Frankfurter 2026-06-16 (ECB),2026-06-17T07:05:16.945687+00:00,ok,
G3SG1 | Flux (Field-Tested),6.68,5.7616336,6.59,5.6840068,182,USD,0.86252,Frankfurter 2026-06-16 (ECB),2026-06-17T09:13:13.755363+00:00,ok,
Galil AR | Chromatic Aberration (Battle-Scarred),3.0,2.58756,2.96,2.5530592,209,USD,0.86252,Frankfurter 2026-06-16 (ECB),2026-06-17T09:12:56.683285+00:00,ok,
Galil AR | Chromatic Aberration (Field-Tested),3.67,3.1654484,3.76,3.2430752,950,USD,0.86252,Frankfurter 2026-06-16 (ECB),2026-06-17T07:09:05.368101+00:00,ok,
Galil AR | Chromatic Aberration (Minimal Wear),7.16,6.1756432,7.32,6.3136464,554,USD,0.86252,Frankfurter 2026-06-16 (ECB),2026-06-17T08:10:43.448475+00:00,ok,
Galil AR | Control (Factory New),4.11,3.5449572000000003,4.09,3.5277068,719,USD,0.86252,Frankfurter 2026-06-16 (ECB),2026-06-17T06:48:41.423956+00:00,ok,
Galil AR | Eco (Field-Tested),11.78,10.1604856,11.62,10.0224824,1589,USD,0.86252,Frankfurter 2026-06-16 (ECB),2026-06-17T07:47:44.582920+00:00,ok,
Galil AR | Rainbow Spoon (Factory New),55.62,47.97336239999999,56.18,48.4563736,1053,USD,0.86252,Frankfurter 2026-06-16 (ECB),2026-06-17T07:45:58.295469+00:00,ok,
Galil AR | Rainbow Spoon (Field-Tested),31.66,27.3073832,32.16,27.738643199999995,892,USD,0.86252,Frankfurter 2026-06-16 (ECB),2026-06-17T08:14:13.252129+00:00,ok,
Galil AR | Rocket Pop (Factory New),13.02,11.2300104,13.07,11.2731364,375,USD,0.86252,Frankfurter 2026-06-16 (ECB),2026-06-17T07:03:21.125003+00:00,ok,
Galil AR | Sky Mandala (Factory New),2.18,1.8802936000000001,2.26,1.9492951999999997,947,USD,0.86252,Frankfurter 2026-06-16 (ECB),2026-06-17T07:06:43.034519+00:00,ok,
Galil AR | Tuxedo (Factory New),3.6,3.105072,3.86,3.3293272,1042,USD,0.86252,Frankfurter 2026-06-16 (ECB),2026-06-17T07:53:54.869116+00:00,ok,
Glock-18 | AXIA (Minimal Wear),36.96,31.8787392,36.46,31.4474792,806,USD,0.86252,Frankfurter 2026-06-16 (ECB),2026-06-17T08:56:08.631927+00:00,ok,
Glock-18 | Block-18 (Factory New),2.11,1.8199172,2.07,1.7854163999999997,1214,USD,0.86252,Frankfurter 2026-06-16 (ECB),2026-06-17T07:51:11.885238+00:00,ok,
Glock-18 | Blue Fissure (Minimal Wear),6.14,5.2958728,6.11,5.2699972,533,USD,0.86252,Frankfurter 2026-06-16 (ECB),2026-06-17T07:18:18.785051+00:00,ok,
Glock-18 | Bullet Queen (Field-Tested),53.35,46.015442,53.2,45.886064,419,USD,0.86252,Frankfurter 2026-06-16 (ECB),2026-06-17T08:16:51.962635+00:00,ok,
Glock-18 | Coral Bloom (Factory New),2.51,2.1649252,2.64,2.2770528,792,USD,0.86252,Frankfurter 2026-06-16 (ECB),2026-06-17T08:18:02.241041+00:00,ok,
Glock-18 | Glockingbird (Minimal Wear),2.12,1.8285424,2.2,1.8975440000000001,1093,USD,0.86252,Frankfurter 2026-06-16 (ECB),2026-06-17T08:28:11.546343+00:00,ok,
Glock-18 | Green Line (Factory New),19.93,17.1900236,20.35,17.552282,897,USD,0.86252,Frankfurter 2026-06-16 (ECB),2026-06-17T08:02:31.932266+00:00,ok,
Glock-18 | Mirror Mosaic (Battle-Scarred),3.38,2.9153176,3.43,2.9584436,299,USD,0.86252,Frankfurter 2026-06-16 (ECB),2026-06-17T06:34:11.252877+00:00,ok,
Glock-18 | Moonrise (Factory New),3.34,2.8808168,3.4,2.932568,1685,USD,0.86252,Frankfurter 2026-06-16 (ECB),2026-06-17T06:53:26.037150+00:00,ok,
Glock-18 | Neo-Noir (Field-Tested),37.42,32.2754984,36.81,31.7493612,421,USD,0.86252,Frankfurter 2026-06-16 (ECB),2026-06-17T08:07:59.496823+00:00,ok,
Glock-18 | Nuclear Garden (Factory New),100.0,86.252,94.88,81.8358976,480,USD,0.86252,Frankfurter 2026-06-16 (ECB),2026-06-17T08:51:32.507990+00:00,ok,
Glock-18 | Shinobu (Battle-Scarred),3.89,3.3552028,3.85,3.320702,939,USD,0.86252,Frankfurter 2026-06-16 (ECB),2026-06-17T06:59:06.345270+00:00,ok,
Glock-18 | Shinobu (Field-Tested),4.62,3.9848424,4.55,3.924466,2279,USD,0.86252,Frankfurter 2026-06-16 (ECB),2026-06-17T06:59:57.505262+00:00,ok,
Glock-18 | Shinobu (Minimal Wear),8.91,7.6850532,8.77,7.5643004,1577,USD,0.86252,Frankfurter 2026-06-16 (ECB),2026-06-17T07:51:30.230834+00:00,ok,
Glock-18 | Snack Attack (Field-Tested),19.96,17.2158992,19.69,16.9830188,288,USD,0.86252,Frankfurter 2026-06-16 (ECB),2026-06-17T07:12:36.801960+00:00,ok,
Glock-18 | Vogue (Factory New),13.67,11.790648399999998,13.71,11.8251492,906,USD,0.86252,Frankfurter 2026-06-16 (ECB),2026-06-17T08:39:07.466496+00:00,ok,
Glock-18 | Vogue (Field-Tested),3.39,2.9239428,3.36,2.8980672,2342,USD,0.86252,Frankfurter 2026-06-16 (ECB),2026-06-17T07:07:01.156804+00:00,ok,
Glock-18 | Vogue (Minimal Wear),5.77,4.9767404,5.79,4.9939908,927,USD,0.86252,Frankfurter 2026-06-16 (ECB),2026-06-17T07:51:49.501793+00:00,ok,
Glock-18 | Water Elemental (Battle-Scarred),16.67,14.3782084,16.3,14.059076,105,USD,0.86252,Frankfurter 2026-06-16 (ECB),2026-06-17T09:01:56.332929+00:00,ok,
Glock-18 | Water Elemental (Factory New),65.76,56.719315200000004,66.0,56.92632,389,USD,0.86252,Frankfurter 2026-06-16 (ECB),2026-06-17T07:57:08.535697+00:00,ok,
Glock-18 | Water Elemental (Minimal Wear),18.87,16.2757524,18.8,16.215376,1343,USD,0.86252,Frankfurter 2026-06-16 (ECB),2026-06-17T08:18:35.115405+00:00,ok,
M4A1-S | Atomic Alloy (Field-Tested),25.3,21.821756,24.87,21.450872399999998,468,USD,0.86252,Frankfurter 2026-06-16 (ECB),2026-06-17T08:22:08.686450+00:00,ok,
M4A1-S | Black Lotus (Battle-Scarred),4.46,3.8468392,4.35,3.7519619999999994,1439,USD,0.86252,Frankfurter 2026-06-16 (ECB),2026-06-17T08:48:57.545276+00:00,ok,
M4A1-S | Black Lotus (Factory New),16.59,14.309206799999998,16.76,14.455835200000001,1899,USD,0.86252,Frankfurter 2026-06-16 (ECB),2026-06-17T07:52:43.993692+00:00,ok,
M4A1-S | Black Lotus (Field-Tested),4.33,3.7347116,4.31,3.7174611999999994,7787,USD,0.86252,Frankfurter 2026-06-16 (ECB),2026-06-17T06:55:14.456342+00:00,ok,
M4A1-S | Black Lotus (Minimal Wear),7.87,6.7880324,7.82,6.7449064,3004,USD,0.86252,Frankfurter 2026-06-16 (ECB),2026-06-17T08:25:32.888355+00:00,ok,
M4A1-S | Blood Tiger (Factory New),25.93,22.3651436,25.85,22.296142,578,USD,0.86252,Frankfurter 2026-06-16 (ECB),2026-06-17T06:26:53.577349+00:00,ok,
M4A1-S | Blood Tiger (Minimal Wear),4.75,4.09697,4.74,4.0883448,490,USD,0.86252,Frankfurter 2026-06-16 (ECB),2026-06-17T09:00:24.653090+00:00,ok,
M4A1-S | Decimator (Battle-Scarred),10.99,9.4790948,10.95,9.444593999999999,215,USD,0.86252,Frankfurter 2026-06-16 (ECB),2026-06-17T08:17:27.745124+00:00,ok,
M4A1-S | Decimator (Minimal Wear),19.22,16.577634399999997,19.01,16.3965052,1307,USD,0.86252,Frankfurter 2026-06-16 (ECB),2026-06-17T07:54:49.988392+00:00,ok,
M4A1-S | Electrum (Minimal Wear),2.97,2.5616844,3.04,2.6220608,883,USD,0.86252,Frankfurter 2026-06-16 (ECB),2026-06-17T07:45:40.391491+00:00,ok,
M4A1-S | Fade (Factory New),288.44,248.78526879999998,306.92,264.7246384,3956,USD,0.86252,Frankfurter 2026-06-16 (ECB),2026-06-17T08:29:38.800076+00:00,ok,
M4A1-S | Glitched Paint (Minimal Wear),4.09,3.5277068,4.21,3.6312092,1021,USD,0.86252,Frankfurter 2026-06-16 (ECB),2026-06-17T06:48:04.075881+00:00,ok,
M4A1-S | Golden Coil (Field-Tested),65.37,56.3829324,65.64,56.6158128,578,USD,0.86252,Frankfurter 2026-06-16 (ECB),2026-06-17T08:00:12.922808+00:00,ok,
M4A1-S | Hyper Beast (Field-Tested),107.63,92.8330276,106.25,91.64274999999999,577,USD,0.86252,Frankfurter 2026-06-16 (ECB),2026-06-17T06:38:49.042485+00:00,ok,
M4A1-S | Nightmare (Field-Tested),9.66,8.3319432,9.65,8.323318,1053,USD,0.86252,Frankfurter 2026-06-16 (ECB),2026-06-17T08:41:47.221379+00:00,ok,
M4A1-S | Player Two (Field-Tested),51.29,44.238650799999995,50.72,43.7470144,969,USD,0.86252,Frankfurter 2026-06-16 (ECB),2026-06-17T06:22:36.164682+00:00,ok,
M4A1-S | Printstream (Field-Tested),189.99,163.8701748,188.25,162.36938999999998,1791,USD,0.86252,Frankfurter 2026-06-16 (ECB),2026-06-17T07:59:57.006545+00:00,ok,
M4A1-S | Solitude (Factory New),23.45,20.226094,23.85,20.571102,4963,USD,0.86252,Frankfurter 2026-06-16 (ECB),2026-06-17T07:12:54.768255+00:00,ok,
M4A1-S | Solitude (Minimal Wear),4.56,3.9330911999999993,4.66,4.0193432,15010,USD,0.86252,Frankfurter 2026-06-16 (ECB),2026-06-17T08:49:15.541946+00:00,ok,
M4A1-S | Stratosphere (Field-Tested),5.45,4.700734,5.43,4.6834836,1536,USD,0.86252,Frankfurter 2026-06-16 (ECB),2026-06-17T08:43:33.943639+00:00,ok,
M4A1-S | Vaporwave (Field-Tested),53.0,45.71356,53.61,46.239697199999995,903,USD,0.86252,Frankfurter 2026-06-16 (ECB),2026-06-17T07:44:46.883128+00:00,ok,
M4A1-S | Vaporwave (Minimal Wear),93.01,80.2229852,91.96,79.31733919999999,645,USD,0.86252,Frankfurter 2026-06-16 (ECB),2026-06-17T09:06:29.874604+00:00,ok,
M4A4 | Choppa (Factory New),2.05,1.7681659999999997,2.04,1.7595408,1040,USD,0.86252,Frankfurter 2026-06-16 (ECB),2026-06-17T06:39:44.731032+00:00,ok,
M4A4 | Cyber Security (Field-Tested),20.34,17.543656799999997,19.94,17.1986488,268,USD,0.86252,Frankfurter 2026-06-16 (ECB),2026-06-17T09:06:48.171576+00:00,ok,
M4A4 | Desert-Strike (Field-Tested),29.5,25.444339999999997,29.64,25.5650928,235,USD,0.86252,Frankfurter 2026-06-16 (ECB),2026-06-17T08:13:03.066945+00:00,ok,
M4A4 | Desolate Space (Battle-Scarred),11.22,9.6774744,11.26,9.7119752,187,USD,0.86252,Frankfurter 2026-06-16 (ECB),2026-06-17T08:50:44.706365+00:00,ok,
M4A4 | Evil Daimyo (Factory New),10.48,9.0392096,10.56,9.1082112,1647,USD,0.86252,Frankfurter 2026-06-16 (ECB),2026-06-17T06:43:34.200853+00:00,ok,
M4A4 | Evil Daimyo (Field-Tested),3.02,2.6048104,3.07,2.6479364,1102,USD,0.86252,Frankfurter 2026-06-16 (ECB),2026-06-17T08:29:22.948022+00:00,ok,
M4A4 | Full Throttle (Battle-Scarred),27.55,23.762425999999998,27.03,23.3139156,190,USD,0.86252,Frankfurter 2026-06-16 (ECB),2026-06-17T08:21:49.526788+00:00,ok,
M4A4 | Full Throttle (Field-Tested),46.63,40.2193076,46.28,39.9174256,511,USD,0.86252,Frankfurter 2026-06-16 (ECB),2026-06-17T08:54:58.704152+00:00,ok,
M4A4 | Full Throttle (Minimal Wear),94.9,81.853148,94.7,81.680644,503,USD,0.86252,Frankfurter 2026-06-16 (ECB),2026-06-17T07:59:39.944939+00:00,ok,
M4A4 | Hellish (Battle-Scarred),14.42,12.4375384,14.53,12.532415599999998,122,USD,0.86252,Frankfurter 2026-06-16 (ECB),2026-06-17T07:46:15.516197+00:00,ok,
M4A4 | In Living Color (Battle-Scarred),26.07,22.485896399999998,25.49,21.985634799999996,88,USD,0.86252,Frankfurter 2026-06-16 (ECB),2026-06-17T08:58:01.204209+00:00,ok,
M4A4 | In Living Color (Field-Tested),33.49,28.8857948,33.38,28.7909176,722,USD,0.86252,Frankfurter 2026-06-16 (ECB),2026-06-17T06:47:11.776588+00:00,ok,
M4A4 | In Living Color (Minimal Wear),45.11,38.9082772,44.55,38.42526599999999,643,USD,0.86252,Frankfurter 2026-06-16 (ECB),2026-06-17T09:01:16.564537+00:00,ok,
M4A4 | Magnesium (Factory New),5.84,5.0371168,5.94,5.1233688,850,USD,0.86252,Frankfurter 2026-06-16 (ECB),2026-06-17T06:50:45.067815+00:00,ok,
M4A4 | Neo-Noir (Field-Tested),35.49,30.6108348,34.99,30.1795748,1312,USD,0.86252,Frankfurter 2026-06-16 (ECB),2026-06-17T06:31:49.735460+00:00,ok,
M4A4 | Neo-Noir (Minimal Wear),53.1,45.799811999999996,52.89,45.618682799999995,950,USD,0.86252,Frankfurter 2026-06-16 (ECB),2026-06-17T08:01:58.105297+00:00,ok,
M4A4 | Polysoup (Field-Tested),12.55,10.824626,12.61,10.876377199999999,270,USD,0.86252,Frankfurter 2026-06-16 (ECB),2026-06-17T07:58:31.427042+00:00,ok,
M4A4 | Spider Lily (Field-Tested),8.67,7.4780484,8.84,7.6246768,782,USD,0.86252,Frankfurter 2026-06-16 (ECB),2026-06-17T08:38:48.774179+00:00,ok,
M4A4 | Temukau (Factory New),118.19,101.9412388,117.81,101.6134812,830,USD,0.86252,Frankfurter 2026-06-16 (ECB),2026-06-17T08:26:07.451582+00:00,ok,
M4A4 | Temukau (Field-Tested),33.0,28.46316,32.33,27.885271599999996,1690,USD,0.86252,Frankfurter 2026-06-16 (ECB),2026-06-17T06:32:42.806752+00:00,ok,
M4A4 | Temukau (Minimal Wear),59.06,50.9404312,58.7,50.629924,1303,USD,0.86252,Frankfurter 2026-06-16 (ECB),2026-06-17T06:37:54.294028+00:00,ok,
M4A4 | The Emperor (Field-Tested),53.26,45.937815199999996,52.59,45.359926800000004,994,USD,0.86252,Frankfurter 2026-06-16 (ECB),2026-06-17T06:27:58.448753+00:00,ok,
M4A4 | The Emperor (Minimal Wear),71.13,61.351047599999994,70.58,60.8766616,706,USD,0.86252,Frankfurter 2026-06-16 (ECB),2026-06-17T09:10:30.221133+00:00,ok,
M4A4 | Tooth Fairy (Battle-Scarred),3.26,2.8118152,3.21,2.7686892,230,USD,0.86252,Frankfurter 2026-06-16 (ECB),2026-06-17T09:10:48.746254+00:00,ok,
M4A4 | Tooth Fairy (Field-Tested),3.56,3.0705712,3.48,3.0015696,1849,USD,0.86252,Frankfurter 2026-06-16 (ECB),2026-06-17T07:11:09.229861+00:00,ok,
M4A4 | Tooth Fairy (Minimal Wear),5.75,4.95949,5.69,4.9077388,811,USD,0.86252,Frankfurter 2026-06-16 (ECB),2026-06-17T06:55:49.053155+00:00,ok,
M4A4 | Turbine (Minimal Wear),3.8,3.277576,3.71,3.1999492,586,USD,0.86252,Frankfurter 2026-06-16 (ECB),2026-06-17T08:48:20.710075+00:00,ok,
M4A4 | 龍王 (Dragon King) (Field-Tested),14.51,12.515165199999998,14.47,12.4806644,677,USD,0.86252,Frankfurter 2026-06-16 (ECB),2026-06-17T09:00:59.840113+00:00,ok,
MAC-10 | Cat Fight (Factory New),3.56,3.0705712,3.55,3.061946,445,USD,0.86252,Frankfurter 2026-06-16 (ECB),2026-06-17T07:58:47.293264+00:00,ok,
MAC-10 | Derailment (Factory New),20.19,17.4142788,21.05,18.156046,731,USD,0.86252,Frankfurter 2026-06-16 (ECB),2026-06-17T08:45:51.727530+00:00,ok,
MAC-10 | Disco Tech (Field-Tested),5.09,4.3902268,5.05,4.355726,1379,USD,0.86252,Frankfurter 2026-06-16 (ECB),2026-06-17T06:54:05.086849+00:00,ok,
MAC-10 | Disco Tech (Minimal Wear),8.18,7.0554136,8.17,7.0467884,602,USD,0.86252,Frankfurter 2026-06-16 (ECB),2026-06-17T09:07:26.511004+00:00,ok,
MAC-10 | Heat (Field-Tested),2.7,2.328804,2.75,2.37193,222,USD,0.86252,Frankfurter 2026-06-16 (ECB),2026-06-17T09:03:54.665590+00:00,ok,
MAC-10 | Neon Rider (Minimal Wear),110.79,95.5585908,111.46,96.13647919999998,442,USD,0.86252,Frankfurter 2026-06-16 (ECB),2026-06-17T07:03:37.030619+00:00,ok,
MAC-10 | Pipsqueak (Factory New),3.71,3.1999492,3.9,3.363828,1060,USD,0.86252,Frankfurter 2026-06-16 (ECB),2026-06-17T06:32:24.201563+00:00,ok,
MAC-10 | Saibā Oni (Factory New),6.68,5.7616336,6.86,5.9168872,401,USD,0.86252,Frankfurter 2026-06-16 (ECB),2026-06-17T07:16:48.513601+00:00,ok,
MAG-7 | Justice (Field-Tested),5.31,4.5799812,5.23,4.5109796,464,USD,0.86252,Frankfurter 2026-06-16 (ECB),2026-06-17T08:09:44.434716+00:00,ok,
MAG-7 | Monster Call (Factory New),3.97,3.4242044,3.98,3.4328296,442,USD,0.86252,Frankfurter 2026-06-16 (ECB),2026-06-17T08:31:49.724477+00:00,ok,
MAG-7 | Navy Sheen (Factory New),0.61,0.5261372,0.61,0.5261372,696,USD,0.86252,Frankfurter 2026-06-16 (ECB),2026-06-17T06:20:46.068988+00:00,ok,
MP5-SD | Phosphor (Field-Tested),3.93,3.3897036,3.82,3.2948264,647,USD,0.86252,Frankfurter 2026-06-16 (ECB),2026-06-17T06:59:42.004103+00:00,ok,
MP5-SD | Phosphor (Minimal Wear),6.39,5.5115028,6.28,5.4166256,213,USD,0.86252,Frankfurter 2026-06-16 (ECB),2026-06-17T06:47:29.482604+00:00,ok,
MP7 | Abyssal Apparition (Battle-Scarred),5.45,4.700734,5.34,4.6058568,333,USD,0.86252,Frankfurter 2026-06-16 (ECB),2026-06-17T08:06:25.587127+00:00,ok,
MP7 | Abyssal Apparition (Field-Tested),5.64,4.8646128,5.53,4.7697356,1534,USD,0.86252,Frankfurter 2026-06-16 (ECB),2026-06-17T06:44:49.854929+00:00,ok,
MP7 | Abyssal Apparition (Minimal Wear),6.87,5.9255124,6.68,5.7616336,742,USD,0.86252,Frankfurter 2026-06-16 (ECB),2026-06-17T06:41:44.038225+00:00,ok,
MP7 | Astrolabe (Factory New),39.08,33.707281599999995,37.33,32.1978716,142,USD,0.86252,Frankfurter 2026-06-16 (ECB),2026-06-17T06:19:19.877314+00:00,ok,
MP7 | Bloodsport (Minimal Wear),38.75,33.42265,38.7,33.379524,784,USD,0.86252,Frankfurter 2026-06-16 (ECB),2026-06-17T06:55:31.314003+00:00,ok,
MP7 | Fade (Field-Tested),7.98,6.8829096,8.66,7.4694232,354,USD,0.86252,Frankfurter 2026-06-16 (ECB),2026-06-17T08:08:36.414998+00:00,ok,
MP7 | Fade (Minimal Wear),8.81,7.5988012,9.23,7.9610596,939,USD,0.86252,Frankfurter 2026-06-16 (ECB),2026-06-17T09:02:11.632304+00:00,ok,
MP7 | Just Smile (Factory New),3.85,3.320702,3.87,3.3379524,522,USD,0.86252,Frankfurter 2026-06-16 (ECB),2026-06-17T09:05:52.600702+00:00,ok,
MP7 | Nemesis (Factory New),26.88,23.1845376,26.24,22.6325248,206,USD,0.86252,Frankfurter 2026-06-16 (ECB),2026-06-17T06:32:58.215068+00:00,ok,
MP7 | Nemesis (Minimal Wear),6.95,5.994514,6.81,5.8737612,304,USD,0.86252,Frankfurter 2026-06-16 (ECB),2026-06-17T09:04:28.428957+00:00,ok,
MP9 | Airlock (Field-Tested),10.89,9.3928428,10.64,9.1772128,375,USD,0.86252,Frankfurter 2026-06-16 (ECB),2026-06-17T07:11:44.716746+00:00,ok,
MP9 | Arctic Tri-Tone (Factory New),10.79,9.306590799999999,11.25,9.70335,2008,USD,0.86252,Frankfurter 2026-06-16 (ECB),2026-06-17T08:17:44.698028+00:00,ok,
MP9 | Arctic Tri-Tone (Field-Tested),3.26,2.8118152,3.27,2.8204404,1192,USD,0.86252,Frankfurter 2026-06-16 (ECB),2026-06-17T07:52:08.422677+00:00,ok,
MP9 | Food Chain (Field-Tested),3.79,3.2689508,3.86,3.3293272,777,USD,0.86252,Frankfurter 2026-06-16 (ECB),2026-06-17T08:04:19.370265+00:00,ok,
MP9 | Hydra (Field-Tested),5.84,5.0371168,6.05,5.218246,237,USD,0.86252,Frankfurter 2026-06-16 (ECB),2026-06-17T08:49:32.869990+00:00,ok,
MP9 | Hydra (Minimal Wear),12.57,10.8418764,12.82,11.0575064,314,USD,0.86252,Frankfurter 2026-06-16 (ECB),2026-06-17T06:48:21.667993+00:00,ok,
MP9 | Latte Rush (Field-Tested),19.08,16.4568816,20.07,17.310776399999998,533,USD,0.86252,Frankfurter 2026-06-16 (ECB),2026-06-17T08:46:57.960368+00:00,ok,
MP9 | Mount Fuji (Field-Tested),5.83,5.0284916,6.0,5.17512,693,USD,0.86252,Frankfurter 2026-06-16 (ECB),2026-06-17T08:16:03.903029+00:00,ok,
MP9 | Ruby Poison Dart (Factory New),5.7,4.916364,5.93,5.1147436,445,USD,0.86252,Frankfurter 2026-06-16 (ECB),2026-06-17T06:57:39.109620+00:00,ok,
MP9 | Starlight Protector (Field-Tested),61.71,53.226109199999996,61.63,53.157107599999996,1304,USD,0.86252,Frankfurter 2026-06-16 (ECB),2026-06-17T06:44:30.317854+00:00,ok,
Negev | Lionfish (Factory New),1.92,1.6560384,1.88,1.6215376,403,USD,0.86252,Frankfurter 2026-06-16 (ECB),2026-06-17T08:30:15.607782+00:00,ok,
Negev | dev_texture (Factory New),2.04,1.7595408,1.97,1.6991644,473,USD,0.86252,Frankfurter 2026-06-16 (ECB),2026-06-17T06:27:10.481776+00:00,ok,
Nova | Moon in Libra (Factory New),6.71,5.7875092,6.87,5.9255124,129,USD,0.86252,Frankfurter 2026-06-16 (ECB),2026-06-17T07:18:35.473231+00:00,ok,
Nova | Rising Sun (Factory New),4.72,4.0710944,4.6,3.9675919999999993,471,USD,0.86252,Frankfurter 2026-06-16 (ECB),2026-06-17T08:31:30.662927+00:00,ok,
Nova | Wurst Hölle (Factory New),2.69,2.3201788,2.8,2.415056,953,USD,0.86252,Frankfurter 2026-06-16 (ECB),2026-06-17T06:36:10.062904+00:00,ok,
Nova | Yorkshire (Factory New),3.21,2.7686892,3.42,2.9498184,869,USD,0.86252,Frankfurter 2026-06-16 (ECB),2026-06-17T06:37:37.186705+00:00,ok,
P2000 | Imperial Dragon (Field-Tested),10.5,9.05646,10.38,8.9529576,309,USD,0.86252,Frankfurter 2026-06-16 (ECB),2026-06-17T06:26:35.324903+00:00,ok,
P2000 | Imperial Dragon (Minimal Wear),11.63,10.0311076,11.71,10.1001092,217,USD,0.86252,Frankfurter 2026-06-16 (ECB),2026-06-17T08:54:04.794910+00:00,ok,
P2000 | Urban Hazard (Factory New),2.58,2.2253016,2.63,2.2684276,224,USD,0.86252,Frankfurter 2026-06-16 (ECB),2026-06-17T06:19:54.076098+00:00,ok,
P2000 | Wicked Sick (Battle-Scarred),2.77,2.3891804,2.81,2.4236812,312,USD,0.86252,Frankfurter 2026-06-16 (ECB),2026-06-17T06:59:22.644629+00:00,ok,
P2000 | Wicked Sick (Field-Tested),3.21,2.7686892,3.18,2.7428136,1261,USD,0.86252,Frankfurter 2026-06-16 (ECB),2026-06-17T06:27:27.549818+00:00,ok,
P2000 | Wicked Sick (Minimal Wear),5.43,4.6834836,5.35,4.614482,499,USD,0.86252,Frankfurter 2026-06-16 (ECB),2026-06-17T07:06:27.057725+00:00,ok,
P250 | Asiimov (Battle-Scarred),10.2,8.797704,10.14,8.7459528,248,USD,0.86252,Frankfurter 2026-06-16 (ECB),2026-06-17T06:29:40.204305+00:00,ok,
P250 | Asiimov (Field-Tested),10.81,9.3238412,10.63,9.1685876,1290,USD,0.86252,Frankfurter 2026-06-16 (ECB),2026-06-17T06:33:17.554036+00:00,ok,
P250 | Cartel (Field-Tested),8.59,7.4090468,8.75,7.54705,139,USD,0.86252,Frankfurter 2026-06-16 (ECB),2026-06-17T07:00:34.191940+00:00,ok,
P250 | Epicenter (Field-Tested),4.58,3.9503416,4.5,3.88134,515,USD,0.86252,Frankfurter 2026-06-16 (ECB),2026-06-17T08:14:32.626566+00:00,ok,
P250 | Mint Kimono (Field-Tested),10.92,9.4187184,10.5,9.05646,71,USD,0.86252,Frankfurter 2026-06-16 (ECB),2026-06-17T07:01:11.046466+00:00,ok,
P250 | Nevermore (Factory New),3.86,3.3293272,3.9,3.363828,707,USD,0.86252,Frankfurter 2026-06-16 (ECB),2026-06-17T07:55:07.067086+00:00,ok,
P250 | Supernova (Factory New),4.0,3.45008,3.95,3.406954,763,USD,0.86252,Frankfurter 2026-06-16 (ECB),2026-06-17T06:50:06.629910+00:00,ok,
P250 | Visions (Factory New),11.44,9.8672288,11.33,9.7723516,606,USD,0.86252,Frankfurter 2026-06-16 (ECB),2026-06-17T07:44:28.640478+00:00,ok,
P250 | Visions (Field-Tested),3.31,2.8549412,3.26,2.8118152,1904,USD,0.86252,Frankfurter 2026-06-16 (ECB),2026-06-17T06:35:01.466008+00:00,ok,
P250 | Visions (Minimal Wear),4.81,4.1487212,4.73,4.0797196,744,USD,0.86252,Frankfurter 2026-06-16 (ECB),2026-06-17T06:31:32.449860+00:00,ok,
P90 | Chopper (Factory New),6.02,5.1923704,5.92,5.1061184,273,USD,0.86252,Frankfurter 2026-06-16 (ECB),2026-06-17T09:00:43.629543+00:00,ok,
P90 | Module (Factory New),2.15,1.854418,2.14,1.8457928,512,USD,0.86252,Frankfurter 2026-06-16 (ECB),2026-06-17T09:11:41.990871+00:00,ok,
P90 | Nostalgia (Field-Tested),3.9,3.363828,3.75,3.23445,116,USD,0.86252,Frankfurter 2026-06-16 (ECB),2026-06-17T06:42:36.416834+00:00,ok,
P90 | Shapewood (Field-Tested),8.24,7.1071648,8.01,6.9087852,265,USD,0.86252,Frankfurter 2026-06-16 (ECB),2026-06-17T06:40:00.619634+00:00,ok,
P90 | Trigon (Field-Tested),7.84,6.7621568,7.6,6.555152,222,USD,0.86252,Frankfurter 2026-06-16 (ECB),2026-06-17T08:37:17.535774+00:00,ok,
P90 | Wave Breaker (Factory New),3.92,3.3810784,3.88,3.3465776,435,USD,0.86252,Frankfurter 2026-06-16 (ECB),2026-06-17T06:51:37.317844+00:00,ok,
PP-Bizon | High Roller (Field-Tested),9.28,8.0041856,9.0,7.76268,280,USD,0.86252,Frankfurter 2026-06-16 (ECB),2026-06-17T07:05:52.244026+00:00,ok,
PP-Bizon | High Roller (Minimal Wear),10.76,9.2807152,10.48,9.0392096,223,USD,0.86252,Frankfurter 2026-06-16 (ECB),2026-06-17T08:02:50.688062+00:00,ok,
R8 Revolver | Blaze (Factory New),5.58,4.8128616,6.0,5.17512,1271,USD,0.86252,Frankfurter 2026-06-16 (ECB),2026-06-17T06:29:59.919556+00:00,ok,
R8 Revolver | Crazy 8 (Factory New),4.46,3.8468392,4.42,3.8123384,408,USD,0.86252,Frankfurter 2026-06-16 (ECB),2026-06-17T08:56:44.784066+00:00,ok,
R8 Revolver | Llama Cannon (Field-Tested),9.18,7.9179336,9.23,7.9610596,221,USD,0.86252,Frankfurter 2026-06-16 (ECB),2026-06-17T06:35:36.350682+00:00,ok,
R8 Revolver | Skull Crusher (Field-Tested),7.94,6.8484088,8.24,7.1071648,349,USD,0.86252,Frankfurter 2026-06-16 (ECB),2026-06-17T08:33:56.884739+00:00,ok,
SCAR-20 | Bloodsport (Minimal Wear),10.89,9.3928428,10.44,9.0047088,286,USD,0.86252,Frankfurter 2026-06-16 (ECB),2026-06-17T07:13:50.081320+00:00,ok,
SG 553 | Cyrex (Field-Tested),4.26,3.6743352,4.22,3.6398344,309,USD,0.86252,Frankfurter 2026-06-16 (ECB),2026-06-17T08:39:41.237441+00:00,ok,
SG 553 | Darkwing (Factory New),5.17,4.4592284,5.15,4.441978,312,USD,0.86252,Frankfurter 2026-06-16 (ECB),2026-06-17T06:37:17.861152+00:00,ok,
SG 553 | Dragon Tech (Factory New),1.76,1.5180352,1.74,1.5007848,771,USD,0.86252,Frankfurter 2026-06-16 (ECB),2026-06-17T08:10:04.338425+00:00,ok,
SG 553 | Integrale (Battle-Scarred),2.92,2.5185584,2.99,2.5789348,327,USD,0.86252,Frankfurter 2026-06-16 (ECB),2026-06-17T08:04:38.182270+00:00,ok,
SG 553 | Integrale (Field-Tested),7.59,6.5465268,7.65,6.598278,740,USD,0.86252,Frankfurter 2026-06-16 (ECB),2026-06-17T07:58:00.200612+00:00,ok,
SG 553 | Phantom (Factory New),5.68,4.8991136,5.81,5.0112412,314,USD,0.86252,Frankfurter 2026-06-16 (ECB),2026-06-17T08:26:27.198291+00:00,ok,
SSG 08 | Big Iron (Field-Tested),8.16,7.0381632,8.24,7.1071648,173,USD,0.86252,Frankfurter 2026-06-16 (ECB),2026-06-17T07:56:52.599069+00:00,ok,
SSG 08 | Bloodshot (Field-Tested),17.48,15.0768496,17.76,15.318355200000001,523,USD,0.86252,Frankfurter 2026-06-16 (ECB),2026-06-17T08:28:45.663147+00:00,ok,
SSG 08 | Rapid Transit (Factory New),8.73,7.5297996,8.8,7.5901760000000005,451,USD,0.86252,Frankfurter 2026-06-16 (ECB),2026-06-17T08:04:00.632340+00:00,ok,
Sawed-Off | Devourer (Field-Tested),4.33,3.7347116,4.17,3.5967084,279,USD,0.86252,Frankfurter 2026-06-16 (ECB),2026-06-17T06:38:12.031895+00:00,ok,
Sawed-Off | Kiss♥Love (Battle-Scarred),3.04,2.6220608,2.93,2.5271836,206,USD,0.86252,Frankfurter 2026-06-16 (ECB),2026-06-17T07:54:12.842798+00:00,ok,
Sawed-Off | Kiss♥Love (Factory New),17.78,15.335605600000001,17.75,15.309729999999998,415,USD,0.86252,Frankfurter 2026-06-16 (ECB),2026-06-17T08:34:35.932753+00:00,ok,
Sawed-Off | Kiss♥Love (Field-Tested),3.41,2.9411932,3.3,2.846316,1076,USD,0.86252,Frankfurter 2026-06-16 (ECB),2026-06-17T08:11:15.732337+00:00,ok,
Sawed-Off | Kiss♥Love (Minimal Wear),5.81,5.0112412,5.71,4.9249892,623,USD,0.86252,Frankfurter 2026-06-16 (ECB),2026-06-17T08:33:41.458289+00:00,ok,
Sawed-Off | Kiss♥Love (Well-Worn),3.24,2.7945648,3.11,2.6824372,313,USD,0.86252,Frankfurter 2026-06-16 (ECB),2026-06-17T09:04:43.705674+00:00,ok,
Sawed-Off | Wasteland Princess (Field-Tested),34.95,30.145074,33.84,29.187676800000002,237,USD,0.86252,Frankfurter 2026-06-16 (ECB),2026-06-17T08:13:55.520036+00:00,ok,
StatTrak™ AK-47 | Elite Build (Field-Tested),5.0,4.3126,4.89,4.2177228,1334,USD,0.86252,Frankfurter 2026-06-16 (ECB),2026-06-17T07:07:54.419317+00:00,ok,
StatTrak™ AK-47 | Elite Build (Well-Worn),3.57,3.0791964,3.52,3.0360704,716,USD,0.86252,Frankfurter 2026-06-16 (ECB),2026-06-17T08:07:01.895496+00:00,ok,
StatTrak™ AK-47 | Frontside Misty (Field-Tested),32.74,28.2389048,32.17,27.7472684,301,USD,0.86252,Frankfurter 2026-06-16 (ECB),2026-06-17T09:08:37.159547+00:00,ok,
StatTrak™ AK-47 | Head Shot (Field-Tested),29.1,25.099332,28.99,25.004454799999998,335,USD,0.86252,Frankfurter 2026-06-16 (ECB),2026-06-17T09:09:52.144494+00:00,ok,
StatTrak™ AK-47 | Head Shot (Minimal Wear),47.58,41.038701599999996,46.71,40.2883092,285,USD,0.86252,Frankfurter 2026-06-16 (ECB),2026-06-17T08:37:36.217539+00:00,ok,
StatTrak™ AK-47 | Ice Coaled (Minimal Wear),18.76,16.1808752,18.63,16.0687476,750,USD,0.86252,Frankfurter 2026-06-16 (ECB),2026-06-17T08:40:35.791623+00:00,ok,
StatTrak™ AK-47 | Inheritance (Field-Tested),86.92,74.9702384,86.38,74.50447759999999,563,USD,0.86252,Frankfurter 2026-06-16 (ECB),2026-06-17T08:47:14.258472+00:00,ok,
StatTrak™ AK-47 | Legion of Anubis (Field-Tested),35.96,31.0162192,35.08,30.2572016,236,USD,0.86252,Frankfurter 2026-06-16 (ECB),2026-06-17T08:06:44.797355+00:00,ok,
StatTrak™ AK-47 | Nightwish (Battle-Scarred),56.5,48.73238,55.63,47.9819876,67,USD,0.86252,Frankfurter 2026-06-16 (ECB),2026-06-17T08:44:24.575184+00:00,ok,
StatTrak™ AK-47 | Nightwish (Field-Tested),57.98,50.008909599999996,58.01,50.034785199999995,244,USD,0.86252,Frankfurter 2026-06-16 (ECB),2026-06-17T07:45:24.746628+00:00,ok,
StatTrak™ AK-47 | Phantom Disruptor (Field-Tested),12.13,10.4623676,12.1,10.436492,293,USD,0.86252,Frankfurter 2026-06-16 (ECB),2026-06-17T08:11:49.419847+00:00,ok,
StatTrak™ AK-47 | Redline (Field-Tested),63.98,55.184029599999995,63.86,55.0805272,2565,USD,0.86252,Frankfurter 2026-06-16 (ECB),2026-06-17T08:46:41.154089+00:00,ok,
StatTrak™ AK-47 | Slate (Battle-Scarred),10.65,9.185838,10.66,9.1944632,897,USD,0.86252,Frankfurter 2026-06-16 (ECB),2026-06-17T08:43:50.584685+00:00,ok,
StatTrak™ AK-47 | Slate (Field-Tested),13.29,11.462890799999998,13.4,11.557768,1759,USD,0.86252,Frankfurter 2026-06-16 (ECB),2026-06-17T07:01:47.446237+00:00,ok,
StatTrak™ AUG | Stymphalian (Field-Tested),3.38,2.9153176,3.4,2.932568,186,USD,0.86252,Frankfurter 2026-06-16 (ECB),2026-06-17T08:15:45.885815+00:00,ok,
StatTrak™ AWP | Chromatic Aberration (Minimal Wear),30.63,26.418987599999998,30.42,26.2378584,255,USD,0.86252,Frankfurter 2026-06-16 (ECB),2026-06-17T07:15:34.472413+00:00,ok,
StatTrak™ AWP | Duality (Battle-Scarred),4.71,4.0624692,4.61,3.9762172000000002,204,USD,0.86252,Frankfurter 2026-06-16 (ECB),2026-06-17T07:05:34.473623+00:00,ok,
StatTrak™ AWP | Duality (Field-Tested),4.43,3.8209635999999993,4.51,3.8899652,820,USD,0.86252,Frankfurter 2026-06-16 (ECB),2026-06-17T08:13:37.320790+00:00,ok,
StatTrak™ AWP | Duality (Minimal Wear),9.79,8.444070799999999,9.92,8.5561984,435,USD,0.86252,Frankfurter 2026-06-16 (ECB),2026-06-17T08:07:39.544289+00:00,ok,
StatTrak™ AWP | Ice Coaled (Battle-Scarred),10.55,9.099586,10.58,9.1254616,127,USD,0.86252,Frankfurter 2026-06-16 (ECB),2026-06-17T08:23:32.364975+00:00,ok,
StatTrak™ AWP | Mortis (Battle-Scarred),6.4,5.520128,6.32,5.4511264,89,USD,0.86252,Frankfurter 2026-06-16 (ECB),2026-06-17T08:58:57.958594+00:00,ok,
StatTrak™ AWP | Mortis (Field-Tested),5.95,5.131994,6.04,5.2096208,570,USD,0.86252,Frankfurter 2026-06-16 (ECB),2026-06-17T07:53:35.249969+00:00,ok,
StatTrak™ AWP | Mortis (Minimal Wear),9.17,7.9093084,9.22,7.9524344000000005,295,USD,0.86252,Frankfurter 2026-06-16 (ECB),2026-06-17T08:14:48.378143+00:00,ok,
StatTrak™ AWP | PAW (Factory New),14.12,12.1787824,14.21,12.2564092,521,USD,0.86252,Frankfurter 2026-06-16 (ECB),2026-06-17T08:57:23.775954+00:00,ok,
StatTrak™ AWP | Phobos (Factory New),8.54,7.365920799999999,8.47,7.3055444000000005,424,USD,0.86252,Frankfurter 2026-06-16 (ECB),2026-06-17T08:46:08.445846+00:00,ok,
StatTrak™ AWP | Phobos (Minimal Wear),5.38,4.6403576,5.35,4.614482,318,USD,0.86252,Frankfurter 2026-06-16 (ECB),2026-06-17T08:59:50.227664+00:00,ok,
StatTrak™ AWP | Printstream (Battle-Scarred),57.42,49.525898399999996,56.2,48.473624,103,USD,0.86252,Frankfurter 2026-06-16 (ECB),2026-06-17T08:57:42.791784+00:00,ok,
StatTrak™ Desert Eagle | Conspiracy (Minimal Wear),21.03,18.1387956,20.73,17.8800396,368,USD,0.86252,Frankfurter 2026-06-16 (ECB),2026-06-17T08:24:07.970921+00:00,ok,
StatTrak™ Desert Eagle | Mecha Industries (Minimal Wear),17.47,15.068224399999998,17.25,14.87847,393,USD,0.86252,Frankfurter 2026-06-16 (ECB),2026-06-17T09:04:59.300856+00:00,ok,
StatTrak™ Desert Eagle | Printstream (Field-Tested),64.14,55.322032799999995,64.02,55.21853039999999,559,USD,0.86252,Frankfurter 2026-06-16 (ECB),2026-06-17T08:56:24.751625+00:00,ok,
StatTrak™ Dual Berettas | Melondrama (Battle-Scarred),4.99,4.3039748,4.8,4.140096,113,USD,0.86252,Frankfurter 2026-06-16 (ECB),2026-06-17T09:08:57.237459+00:00,ok,
StatTrak™ Dual Berettas | Melondrama (Field-Tested),5.18,4.4678536,5.13,4.4247276,312,USD,0.86252,Frankfurter 2026-06-16 (ECB),2026-06-17T06:28:14.009204+00:00,ok,
StatTrak™ FAMAS | Rapid Eye Movement (Field-Tested),5.42,4.6748584,5.38,4.6403576,254,USD,0.86252,Frankfurter 2026-06-16 (ECB),2026-06-17T06:44:12.575254+00:00,ok,
StatTrak™ FAMAS | Rapid Eye Movement (Minimal Wear),6.89,5.9427628,6.97,6.0117644,182,USD,0.86252,Frankfurter 2026-06-16 (ECB),2026-06-17T08:09:28.780080+00:00,ok,
StatTrak™ Five-SeveN | Monkey Business (Field-Tested),11.95,10.307113999999999,11.92,10.2812384,245,USD,0.86252,Frankfurter 2026-06-16 (ECB),2026-06-17T06:54:39.729189+00:00,ok,
StatTrak™ Galil AR | Chromatic Aberration (Field-Tested),6.76,5.8306352,6.77,5.8392604,207,USD,0.86252,Frankfurter 2026-06-16 (ECB),2026-06-17T06:46:52.902318+00:00,ok,
StatTrak™ Galil AR | Control (Factory New),4.7,4.053844,4.6,3.9675919999999993,254,USD,0.86252,Frankfurter 2026-06-16 (ECB),2026-06-17T08:59:33.837636+00:00,ok,
StatTrak™ Glock-18 | Block-18 (Factory New),5.34,4.6058568,5.31,4.5799812,483,USD,0.86252,Frankfurter 2026-06-16 (ECB),2026-06-17T08:35:49.490049+00:00,ok,
StatTrak™ Glock-18 | Moonrise (Minimal Wear),3.05,2.630686,3.12,2.6910624,654,USD,0.86252,Frankfurter 2026-06-16 (ECB),2026-06-17T08:45:16.637734+00:00,ok,
StatTrak™ Glock-18 | Shinobu (Battle-Scarred),6.23,5.3734996,6.31,5.4425012,433,USD,0.86252,Frankfurter 2026-06-16 (ECB),2026-06-17T07:12:03.483977+00:00,ok,
StatTrak™ Glock-18 | Shinobu (Field-Tested),9.12,7.866182399999999,9.06,7.8144312,500,USD,0.86252,Frankfurter 2026-06-16 (ECB),2026-06-17T08:52:20.952263+00:00,ok,
StatTrak™ Glock-18 | Shinobu (Minimal Wear),19.32,16.6638864,19.03,16.413755600000002,329,USD,0.86252,Frankfurter 2026-06-16 (ECB),2026-06-17T08:00:29.701910+00:00,ok,
StatTrak™ Glock-18 | Shinobu (Well-Worn),6.44,5.5546288,6.4,5.520128,139,USD,0.86252,Frankfurter 2026-06-16 (ECB),2026-06-17T08:36:28.263840+00:00,ok,
StatTrak™ Glock-18 | Vogue (Factory New),22.75,19.622329999999998,22.84,19.6999568,257,USD,0.86252,Frankfurter 2026-06-16 (ECB),2026-06-17T08:50:08.694889+00:00,ok,
StatTrak™ Glock-18 | Vogue (Minimal Wear),11.73,10.1173596,11.63,10.0311076,284,USD,0.86252,Frankfurter 2026-06-16 (ECB),2026-06-17T08:00:48.810230+00:00,ok,
StatTrak™ M4A1-S | Black Lotus (Field-Tested),12.65,10.910878,12.66,10.9195032,774,USD,0.86252,Frankfurter 2026-06-16 (ECB),2026-06-17T08:12:09.511710+00:00,ok,
StatTrak™ M4A1-S | Black Lotus (Minimal Wear),21.89,18.8805628,21.87,18.863312399999998,444,USD,0.86252,Frankfurter 2026-06-16 (ECB),2026-06-17T07:56:01.529497+00:00,ok,
StatTrak™ M4A1-S | Decimator (Field-Tested),25.24,21.7700048,24.87,21.450872399999998,272,USD,0.86252,Frankfurter 2026-06-16 (ECB),2026-06-17T08:44:07.326393+00:00,ok,
StatTrak™ M4A1-S | Emphorosaur-S (Factory New),6.1,5.261372,6.13,5.2872476,549,USD,0.86252,Frankfurter 2026-06-16 (ECB),2026-06-17T06:54:56.883970+00:00,ok,
StatTrak™ M4A4 | Desolate Space (Field-Tested),27.36,23.5985472,26.9,23.201787999999997,172,USD,0.86252,Frankfurter 2026-06-16 (ECB),2026-06-17T09:01:36.495216+00:00,ok,
StatTrak™ M4A4 | Evil Daimyo (Field-Tested),8.1,6.986412,8.04,6.934660799999999,290,USD,0.86252,Frankfurter 2026-06-16 (ECB),2026-06-17T09:00:07.960378+00:00,ok,
StatTrak™ M4A4 | Evil Daimyo (Minimal Wear),13.77,11.876900399999998,13.72,11.8337744,294,USD,0.86252,Frankfurter 2026-06-16 (ECB),2026-06-17T08:51:00.338090+00:00,ok,
StatTrak™ M4A4 | Griffin (Field-Tested),7.98,6.8829096,7.92,6.8311584,130,USD,0.86252,Frankfurter 2026-06-16 (ECB),2026-06-17T08:42:03.207014+00:00,ok,
StatTrak™ M4A4 | In Living Color (Field-Tested),30.83,26.591491599999998,30.2,26.048104,165,USD,0.86252,Frankfurter 2026-06-16 (ECB),2026-06-17T08:57:03.658374+00:00,ok,
StatTrak™ M4A4 | Magnesium (Minimal Wear),4.11,3.5449572000000003,3.98,3.4328296,413,USD,0.86252,Frankfurter 2026-06-16 (ECB),2026-06-17T09:02:45.283626+00:00,ok,
StatTrak™ M4A4 | Temukau (Field-Tested),35.6,30.705712,34.91,30.110573199999994,321,USD,0.86252,Frankfurter 2026-06-16 (ECB),2026-06-17T08:41:09.061089+00:00,ok,
StatTrak™ M4A4 | Tooth Fairy (Battle-Scarred),5.81,5.0112412,5.78,4.9853656,78,USD,0.86252,Frankfurter 2026-06-16 (ECB),2026-06-17T08:05:15.256044+00:00,ok,
StatTrak™ M4A4 | Tooth Fairy (Field-Tested),5.79,4.9939908,5.77,4.9767404,342,USD,0.86252,Frankfurter 2026-06-16 (ECB),2026-06-17T08:21:17.122120+00:00,ok,
StatTrak™ M4A4 | Tooth Fairy (Minimal Wear),12.05,10.393366,11.82,10.1949864,224,USD,0.86252,Frankfurter 2026-06-16 (ECB),2026-06-17T06:57:22.825599+00:00,ok,
StatTrak™ MAC-10 | Disco Tech (Field-Tested),8.09,6.9777868,7.94,6.8484088,182,USD,0.86252,Frankfurter 2026-06-16 (ECB),2026-06-17T08:18:17.588361+00:00,ok,
StatTrak™ MAC-10 | Saibā Oni (Minimal Wear),5.61,4.8387372,5.89,5.0802428,157,USD,0.86252,Frankfurter 2026-06-16 (ECB),2026-06-17T08:29:05.556729+00:00,ok,
StatTrak™ MP7 | Abyssal Apparition (Minimal Wear),6.54,5.6408808,6.42,5.5373784,187,USD,0.86252,Frankfurter 2026-06-16 (ECB),2026-06-17T08:22:59.085425+00:00,ok,
StatTrak™ MP9 | Starlight Protector (Field-Tested),59.02,50.9059304,59.5,51.319939999999995,260,USD,0.86252,Frankfurter 2026-06-16 (ECB),2026-06-17T08:22:25.041713+00:00,ok,
StatTrak™ P2000 | Wicked Sick (Battle-Scarred),2.86,2.4668072,2.77,2.3891804,101,USD,0.86252,Frankfurter 2026-06-16 (ECB),2026-06-17T08:19:11.799039+00:00,ok,
StatTrak™ P2000 | Wicked Sick (Field-Tested),3.22,2.7773144,3.25,2.80319,216,USD,0.86252,Frankfurter 2026-06-16 (ECB),2026-06-17T07:54:31.641030+00:00,ok,
StatTrak™ P2000 | Wicked Sick (Minimal Wear),6.54,5.6408808,6.51,5.6150052,131,USD,0.86252,Frankfurter 2026-06-16 (ECB),2026-06-17T07:15:53.783575+00:00,ok,
StatTrak™ P250 | Asiimov (Battle-Scarred),10.34,8.9184568,10.2,8.797704,145,USD,0.86252,Frankfurter 2026-06-16 (ECB),2026-06-17T09:08:20.341789+00:00,ok,
StatTrak™ P250 | Visions (Field-Tested),4.13,3.5622076,4.05,3.493206,305,USD,0.86252,Frankfurter 2026-06-16 (ECB),2026-06-17T06:42:00.439561+00:00,ok,
StatTrak™ P250 | Visions (Minimal Wear),6.42,5.5373784,6.36,5.4856272,190,USD,0.86252,Frankfurter 2026-06-16 (ECB),2026-06-17T06:42:56.385719+00:00,ok,
StatTrak™ P90 | Wave Breaker (Factory New),5.55,4.786986,5.54,4.7783608,192,USD,0.86252,Frankfurter 2026-06-16 (ECB),2026-06-17T07:04:39.224573+00:00,ok,
StatTrak™ SG 553 | Pulse (Field-Tested),4.38,3.7778376,4.29,3.7002108,490,USD,0.86252,Frankfurter 2026-06-16 (ECB),2026-06-17T07:04:03.478887+00:00,ok,
StatTrak™ SSG 08 | Memorial (Factory New),3.27,2.8204404,3.23,2.7859396,173,USD,0.86252,Frankfurter 2026-06-16 (ECB),2026-06-17T08:55:35.187562+00:00,ok,
StatTrak™ SSG 08 | Rapid Transit (Minimal Wear),8.55,7.3745460000000005,8.47,7.3055444000000005,131,USD,0.86252,Frankfurter 2026-06-16 (ECB),2026-06-17T08:32:28.036942+00:00,ok,
StatTrak™ UMP-45 | K.O. Factory (Field-Tested),5.64,4.8646128,5.57,4.8042364,237,USD,0.86252,Frankfurter 2026-06-16 (ECB),2026-06-17T07:13:31.312721+00:00,ok,
StatTrak™ UMP-45 | K.O. Factory (Minimal Wear),9.21,7.9438092000000005,9.11,7.857557199999999,179,USD,0.86252,Frankfurter 2026-06-16 (ECB),2026-06-17T08:47:29.893904+00:00,ok,
StatTrak™ UMP-45 | Wild Child (Field-Tested),3.4,2.932568,3.39,2.9239428,212,USD,0.86252,Frankfurter 2026-06-16 (ECB),2026-06-17T08:38:30.933599+00:00,ok,
StatTrak™ USP-S | Blood Tiger (Minimal Wear),4.69,4.0452188,4.72,4.0710944,365,USD,0.86252,Frankfurter 2026-06-16 (ECB),2026-06-17T08:27:17.548034+00:00,ok,
StatTrak™ USP-S | Cortex (Battle-Scarred),6.5,5.60638,6.41,5.5287532,104,USD,0.86252,Frankfurter 2026-06-16 (ECB),2026-06-17T08:38:11.989243+00:00,ok,
StatTrak™ USP-S | Cyrex (Factory New),17.89,15.4304828,17.86,15.4046072,278,USD,0.86252,Frankfurter 2026-06-16 (ECB),2026-06-17T08:20:58.098115+00:00,ok,
StatTrak™ USP-S | Flashback (Factory New),3.65,3.148198,3.61,3.1136972,288,USD,0.86252,Frankfurter 2026-06-16 (ECB),2026-06-17T07:10:36.268860+00:00,ok,
StatTrak™ USP-S | Guardian (Factory New),10.89,9.3928428,10.81,9.3238412,770,USD,0.86252,Frankfurter 2026-06-16 (ECB),2026-06-17T08:34:15.932529+00:00,ok,
StatTrak™ USP-S | Guardian (Field-Tested),4.64,4.0020928,4.62,3.9848424,569,USD,0.86252,Frankfurter 2026-06-16 (ECB),2026-06-17T07:11:27.487040+00:00,ok,
StatTrak™ USP-S | Jawbreaker (Battle-Scarred),5.84,5.0371168,5.92,5.1061184,155,USD,0.86252,Frankfurter 2026-06-16 (ECB),2026-06-17T08:25:52.295205+00:00,ok,
StatTrak™ USP-S | Jawbreaker (Field-Tested),8.54,7.365920799999999,8.52,7.3486704,345,USD,0.86252,Frankfurter 2026-06-16 (ECB),2026-06-17T08:09:10.085734+00:00,ok,
StatTrak™ USP-S | Torque (Factory New),4.1,3.5363319999999994,4.08,3.5190816,519,USD,0.86252,Frankfurter 2026-06-16 (ECB),2026-06-17T08:54:21.587576+00:00,ok,
StatTrak™ XM1014 | XOXO (Field-Tested),3.8,3.277576,3.74,3.2258248,194,USD,0.86252,Frankfurter 2026-06-16 (ECB),2026-06-17T08:12:45.703971+00:00,ok,
StatTrak™ Zeus x27 | Olympus (Field-Tested),5.79,4.9939908,5.61,4.8387372,716,USD,0.86252,Frankfurter 2026-06-16 (ECB),2026-06-17T08:08:52.645225+00:00,ok,
StatTrak™ Zeus x27 | Olympus (Minimal Wear),9.28,8.0041856,8.94,7.7109288,382,USD,0.86252,Frankfurter 2026-06-16 (ECB),2026-06-17T06:23:31.295838+00:00,ok,
StatTrak™ Zeus x27 | Tosai (Factory New),3.77,3.2517004,3.7,3.191324,355,USD,0.86252,Frankfurter 2026-06-16 (ECB),2026-06-17T07:57:44.435421+00:00,ok,
Tec-9 | Fuel Injector (Field-Tested),10.82,9.3324664,10.87,9.375592399999999,893,USD,0.86252,Frankfurter 2026-06-16 (ECB),2026-06-17T06:58:48.535219+00:00,ok,
Tec-9 | Groundwater (Factory New),2.74,2.3633048,3.33,2.8721916,302,USD,0.86252,Frankfurter 2026-06-16 (ECB),2026-06-17T06:19:36.487812+00:00,ok,
Tec-9 | Remote Control (Minimal Wear),6.0,5.17512,6.17,5.3217484,331,USD,0.86252,Frankfurter 2026-06-16 (ECB),2026-06-17T08:52:53.876526+00:00,ok,
Tec-9 | Whiteout (Field-Tested),4.2,3.622584,4.35,3.7519619999999994,1873,USD,0.86252,Frankfurter 2026-06-16 (ECB),2026-06-17T06:33:35.458193+00:00,ok,
Tec-9 | Whiteout (Minimal Wear),31.13,26.8502476,32.13,27.7127676,1159,USD,0.86252,Frankfurter 2026-06-16 (ECB),2026-06-17T07:47:08.223209+00:00,ok,
UMP-45 | Continuum (Factory New),3.45,2.975694,3.28,2.8290656,277,USD,0.86252,Frankfurter 2026-06-16 (ECB),2026-06-17T08:24:59.867451+00:00,ok,
UMP-45 | Crimson Foil (Factory New),9.8,8.452696,10.1,8.711452,1418,USD,0.86252,Frankfurter 2026-06-16 (ECB),2026-06-17T07:57:26.575646+00:00,ok,
UMP-45 | K.O. Factory (Battle-Scarred),3.98,3.4328296,3.9,3.363828,281,USD,0.86252,Frankfurter 2026-06-16 (ECB),2026-06-17T08:39:24.308982+00:00,ok,
UMP-45 | K.O. Factory (Factory New),18.46,15.9221192,18.45,15.913493999999998,378,USD,0.86252,Frankfurter 2026-06-16 (ECB),2026-06-17T09:04:10.621656+00:00,ok,
UMP-45 | K.O. Factory (Field-Tested),4.21,3.6312092,4.18,3.6053335999999994,1535,USD,0.86252,Frankfurter 2026-06-16 (ECB),2026-06-17T06:30:37.462869+00:00,ok,
UMP-45 | K.O. Factory (Minimal Wear),6.03,5.2009956,5.94,5.1233688,554,USD,0.86252,Frankfurter 2026-06-16 (ECB),2026-06-17T06:52:30.256982+00:00,ok,
UMP-45 | Late Night Transit (Factory New),5.84,5.0371168,6.35,5.477002,1217,USD,0.86252,Frankfurter 2026-06-16 (ECB),2026-06-17T06:49:34.420493+00:00,ok,
UMP-45 | Momentum (Field-Tested),3.94,3.3983288,3.91,3.3724532,366,USD,0.86252,Frankfurter 2026-06-16 (ECB),2026-06-17T06:28:29.937283+00:00,ok,
UMP-45 | Neo-Noir (Field-Tested),5.23,4.5109796,5.12,4.4161024,315,USD,0.86252,Frankfurter 2026-06-16 (ECB),2026-06-17T09:11:08.654799+00:00,ok,
UMP-45 | Primal Saber (Field-Tested),10.59,9.134086799999999,10.3,8.883956,583,USD,0.86252,Frankfurter 2026-06-16 (ECB),2026-06-17T06:21:22.666746+00:00,ok,
UMP-45 | Primal Saber (Minimal Wear),11.22,9.6774744,11.08,9.5567216,403,USD,0.86252,Frankfurter 2026-06-16 (ECB),2026-06-17T06:25:57.216539+00:00,ok,
UMP-45 | Wild Child (Battle-Scarred),2.69,2.3201788,2.6,2.242552,179,USD,0.86252,Frankfurter 2026-06-16 (ECB),2026-06-17T06:43:53.659333+00:00,ok,
UMP-45 | Wild Child (Factory New),17.21,14.8439692,17.29,14.912970799999998,318,USD,0.86252,Frankfurter 2026-06-16 (ECB),2026-06-17T07:14:58.548708+00:00,ok,
UMP-45 | Wild Child (Field-Tested),3.26,2.8118152,3.19,2.7514388,1155,USD,0.86252,Frankfurter 2026-06-16 (ECB),2026-06-17T06:21:42.217309+00:00,ok,
UMP-45 | Wild Child (Minimal Wear),5.52,4.7611104,5.43,4.6834836,541,USD,0.86252,Frankfurter 2026-06-16 (ECB),2026-06-17T08:29:55.936447+00:00,ok,
UMP-45 | Wild Child (Well-Worn),3.07,2.6479364,2.99,2.5789348,371,USD,0.86252,Frankfurter 2026-06-16 (ECB),2026-06-17T08:51:15.935541+00:00,ok,
USP-S | Alpine Camo (Factory New),2.93,2.5271836,3.22,2.7773144,4170,USD,0.86252,Frankfurter 2026-06-16 (ECB),2026-06-17T08:33:05.433468+00:00,ok,
USP-S | Cortex (Battle-Scarred),3.06,2.6393112,3.05,2.630686,312,USD,0.86252,Frankfurter 2026-06-16 (ECB),2026-06-17T07:01:28.699972+00:00,ok,
USP-S | Cortex (Field-Tested),3.48,3.0015696,3.54,3.0533208,2166,USD,0.86252,Frankfurter 2026-06-16 (ECB),2026-06-17T07:50:51.854893+00:00,ok,
USP-S | Cortex (Minimal Wear),6.97,6.0117644,7.15,6.167018,1273,USD,0.86252,Frankfurter 2026-06-16 (ECB),2026-06-17T06:49:19.157026+00:00,ok,
USP-S | Cortex (Well-Worn),3.14,2.7083128,3.13,2.6996876,375,USD,0.86252,Frankfurter 2026-06-16 (ECB),2026-06-17T07:46:51.026026+00:00,ok,
USP-S | Jawbreaker (Battle-Scarred),2.98,2.5703096,3.0,2.58756,582,USD,0.86252,Frankfurter 2026-06-16 (ECB),2026-06-17T07:12:19.053675+00:00,ok,
USP-S | Jawbreaker (Field-Tested),3.53,3.0446956,3.49,3.0101948,1572,USD,0.86252,Frankfurter 2026-06-16 (ECB),2026-06-17T07:14:06.843084+00:00,ok,
USP-S | Jawbreaker (Minimal Wear),6.2,5.347624,6.16,5.3131232,826,USD,0.86252,Frankfurter 2026-06-16 (ECB),2026-06-17T09:07:07.335675+00:00,ok,
USP-S | Kill Confirmed (Field-Tested),68.63,59.19474759999999,68.39,58.9877428,536,USD,0.86252,Frankfurter 2026-06-16 (ECB),2026-06-17T08:11:00.415116+00:00,ok,
USP-S | Monster Mashup (Field-Tested),22.12,19.0789424,21.9,18.889187999999997,326,USD,0.86252,Frankfurter 2026-06-16 (ECB),2026-06-17T09:03:03.130574+00:00,ok,
USP-S | Printstream (Field-Tested),38.42,33.1380184,38.33,33.060391599999996,2859,USD,0.86252,Frankfurter 2026-06-16 (ECB),2026-06-17T07:08:13.023003+00:00,ok,
USP-S | Printstream (Minimal Wear),61.57,53.1053564,61.29,52.863850799999994,1573,USD,0.86252,Frankfurter 2026-06-16 (ECB),2026-06-17T08:02:13.282501+00:00,ok,
USP-S | Stainless (Minimal Wear),11.76,10.1432352,12.0,10.35024,700,USD,0.86252,Frankfurter 2026-06-16 (ECB),2026-06-17T09:09:34.052819+00:00,ok,
USP-S | The Traitor (Battle-Scarred),30.25,26.09123,29.86,25.754847199999997,181,USD,0.86252,Frankfurter 2026-06-16 (ECB),2026-06-17T09:08:04.458403+00:00,ok,
USP-S | The Traitor (Field-Tested),34.97,30.162324399999996,34.66,29.894943199999997,839,USD,0.86252,Frankfurter 2026-06-16 (ECB),2026-06-17T07:56:20.208363+00:00,ok,
USP-S | Ticket to Hell (Factory New),2.68,2.3115536,2.81,2.4236812,1576,USD,0.86252,Frankfurter 2026-06-16 (ECB),2026-06-17T07:00:52.094446+00:00,ok,
XM1014 | Blue Tire (Factory New),4.21,3.6312092,4.29,3.7002108,144,USD,0.86252,Frankfurter 2026-06-16 (ECB),2026-06-17T06:20:27.848930+00:00,ok,
XM1014 | Entombed (Factory New),7.1,6.123892,6.98,6.0203896,751,USD,0.86252,Frankfurter 2026-06-16 (ECB),2026-06-17T08:01:39.874571+00:00,ok,
XM1014 | Entombed (Field-Tested),3.26,2.8118152,3.19,2.7514388,1495,USD,0.86252,Frankfurter 2026-06-16 (ECB),2026-06-17T06:24:42.133133+00:00,ok,
XM1014 | Entombed (Minimal Wear),3.82,3.2948264,3.72,3.2085744,857,USD,0.86252,Frankfurter 2026-06-16 (ECB),2026-06-17T06:22:16.057572+00:00,ok,
XM1014 | Incinegator (Field-Tested),5.36,4.6231072,5.29,4.5627308,637,USD,0.86252,Frankfurter 2026-06-16 (ECB),2026-06-17T07:55:24.700304+00:00,ok,
XM1014 | XOXO (Battle-Scarred),3.07,2.6479364,3.0,2.58756,180,USD,0.86252,Frankfurter 2026-06-16 (ECB),2026-06-17T09:03:39.201441+00:00,ok,
XM1014 | XOXO (Field-Tested),3.38,2.9153176,3.34,2.8808168,889,USD,0.86252,Frankfurter 2026-06-16 (ECB),2026-06-17T07:04:22.918586+00:00,ok,
Zeus x27 | Charged Up (Factory New),26.7,23.029283999999997,27.53,23.7451756,376,USD,0.86252,Frankfurter 2026-06-16 (ECB),2026-06-17T06:56:24.699603+00:00,ok,
Zeus x27 | Charged Up (Field-Tested),2.85,2.458182,3.04,2.6220608,884,USD,0.86252,Frankfurter 2026-06-16 (ECB),2026-06-17T07:08:45.689339+00:00,ok,
Zeus x27 | Charged Up (Minimal Wear),9.16,7.9006832,9.67,8.340568399999999,609,USD,0.86252,Frankfurter 2026-06-16 (ECB),2026-06-17T06:50:25.766527+00:00,ok,
Zeus x27 | Dragon Snore (Field-Tested),15.19,13.101678799999998,15.07,12.9981764,827,USD,0.86252,Frankfurter 2026-06-16 (ECB),2026-06-17T06:24:09.518616+00:00,ok,
Zeus x27 | Dragon Snore (Minimal Wear),28.99,25.004454799999998,29.38,25.340837599999997,417,USD,0.86252,Frankfurter 2026-06-16 (ECB),2026-06-17T08:54:41.011677+00:00,ok,
Zeus x27 | Olympus (Battle-Scarred),2.86,2.4668072,2.79,2.4064308,177,USD,0.86252,Frankfurter 2026-06-16 (ECB),2026-06-17T07:17:06.611979+00:00,ok,
Zeus x27 | Olympus (Field-Tested),3.19,2.7514388,3.16,2.7255632,2587,USD,0.86252,Frankfurter 2026-06-16 (ECB),2026-06-17T06:25:39.227027+00:00,ok,
Zeus x27 | Olympus (Minimal Wear),4.66,4.0193432,4.6,3.9675919999999993,1092,USD,0.86252,Frankfurter 2026-06-16 (ECB),2026-06-17T06:28:47.549678+00:00,ok,
★ Bowie Knife | Rust Coat (Battle-Scarred),49.57,42.7551164,49.57,42.7551164,183,USD,0.86252,Frankfurter 2026-06-16 (ECB),2026-06-17T09:05:35.885926+00:00,ok,
★ Broken Fang Gloves | Jade (Field-Tested),83.45,71.977294,82.39,71.0630228,348,USD,0.86252,Frankfurter 2026-06-16 (ECB),2026-06-17T08:24:40.602671+00:00,ok,
★ Broken Fang Gloves | Needle Point (Field-Tested),51.18,44.143773599999996,50.76,43.781515199999994,318,USD,0.86252,Frankfurter 2026-06-16 (ECB),2026-06-17T08:41:27.270323+00:00,ok,
★ Broken Fang Gloves | Unhinged (Field-Tested),60.55,52.22558599999999,60.79,52.4325908,358,USD,0.86252,Frankfurter 2026-06-16 (ECB),2026-06-17T07:58:16.231068+00:00,ok,
★ Broken Fang Gloves | Yellow-banded (Field-Tested),53.85,46.446702,53.65,46.274198,369,USD,0.86252,Frankfurter 2026-06-16 (ECB),2026-06-17T08:45:00.547690+00:00,ok,
★ Driver Gloves | Black Tie (Field-Tested),132.64,114.40465279999998,131.34,113.2833768,1156,USD,0.86252,Frankfurter 2026-06-16 (ECB),2026-06-17T07:59:22.463559+00:00,ok,
★ Driver Gloves | Imperial Plaid (Field-Tested),169.75,146.41277,167.82,144.74810639999998,1139,USD,0.86252,Frankfurter 2026-06-16 (ECB),2026-06-17T06:39:09.093407+00:00,ok,
★ Driver Gloves | King Snake (Field-Tested),146.71,126.5403092,144.27,124.4357604,2194,USD,0.86252,Frankfurter 2026-06-16 (ECB),2026-06-17T06:58:13.982968+00:00,ok,
★ Driver Gloves | Overtake (Field-Tested),54.14,46.696832799999996,54.8,47.266096,600,USD,0.86252,Frankfurter 2026-06-16 (ECB),2026-06-17T06:52:49.195335+00:00,ok,
★ Driver Gloves | Queen Jaguar (Field-Tested),54.86,47.317847199999996,54.79,47.2574708,550,USD,0.86252,Frankfurter 2026-06-16 (ECB),2026-06-17T08:52:05.269988+00:00,ok,
★ Driver Gloves | Racing Green (Field-Tested),33.6,28.980672,33.35,28.765042,492,USD,0.86252,Frankfurter 2026-06-16 (ECB),2026-06-17T06:40:33.648250+00:00,ok,
★ Driver Gloves | Rezan the Red (Field-Tested),71.66,61.808183199999995,71.39,61.575302799999996,528,USD,0.86252,Frankfurter 2026-06-16 (ECB),2026-06-17T09:09:15.241242+00:00,ok,
★ Gut Knife | Doppler (Factory New),120.27,103.7352804,121.74,105.00318479999999,179,USD,0.86252,Frankfurter 2026-06-16 (ECB),2026-06-17T06:58:30.491439+00:00,ok,
★ Hand Wraps | Arboreal (Field-Tested),48.72,42.0219744,48.03,41.4268356,467,USD,0.86252,Frankfurter 2026-06-16 (ECB),2026-06-17T08:46:25.266154+00:00,ok,
★ Hand Wraps | Desert Shamagh (Field-Tested),46.23,39.87429959999999,45.72,39.434414399999994,403,USD,0.86252,Frankfurter 2026-06-16 (ECB),2026-06-17T08:18:53.992246+00:00,ok,
★ Hand Wraps | Duct Tape (Field-Tested),50.45,43.514134,50.68,43.712513599999994,427,USD,0.86252,Frankfurter 2026-06-16 (ECB),2026-06-17T08:44:42.045903+00:00,ok,
★ Hand Wraps | Giraffe (Field-Tested),46.79,40.3573108,45.74,39.451664799999996,445,USD,0.86252,Frankfurter 2026-06-16 (ECB),2026-06-17T08:42:23.124232+00:00,ok,
★ Hand Wraps | Overprint (Field-Tested),109.79,94.6960708,108.16,93.2901632,1194,USD,0.86252,Frankfurter 2026-06-16 (ECB),2026-06-17T07:03:03.773898+00:00,ok,
★ Huntsman Knife | Rust Coat (Battle-Scarred),54.79,47.2574708,54.63,47.1194676,179,USD,0.86252,Frankfurter 2026-06-16 (ECB),2026-06-17T07:10:52.904759+00:00,ok,
★ Kukri Knife | Crimson Web (Field-Tested),88.22,76.0915144,87.75,75.68612999999999,667,USD,0.86252,Frankfurter 2026-06-16 (ECB),2026-06-17T08:05:51.309283+00:00,ok,
★ Kukri Knife | Fade (Factory New),178.51,153.9684452,176.14,151.92427279999998,417,USD,0.86252,Frankfurter 2026-06-16 (ECB),2026-06-17T07:10:17.293007+00:00,ok,
★ Moto Gloves | 3rd Commando Company (Field-Tested),44.62,38.485642399999996,44.49,38.3735148,428,USD,0.86252,Frankfurter 2026-06-16 (ECB),2026-06-17T08:20:42.922213+00:00,ok,
★ Moto Gloves | Blood Pressure (Field-Tested),126.27,108.91040039999999,124.42,107.3147384,558,USD,0.86252,Frankfurter 2026-06-16 (ECB),2026-06-17T08:19:27.850635+00:00,ok,
★ Moto Gloves | Finish Line (Field-Tested),105.83,91.28049159999999,104.3,89.96083599999999,638,USD,0.86252,Frankfurter 2026-06-16 (ECB),2026-06-17T06:27:42.812879+00:00,ok,
★ Moto Gloves | Polygon (Field-Tested),117.33,101.1994716,114.49,98.74991479999998,788,USD,0.86252,Frankfurter 2026-06-16 (ECB),2026-06-17T06:35:52.007209+00:00,ok,
★ Moto Gloves | Smoke Out (Field-Tested),117.58,101.4151016,116.21,100.2334492,553,USD,0.86252,Frankfurter 2026-06-16 (ECB),2026-06-17T08:10:23.324264+00:00,ok,
★ Moto Gloves | Transport (Field-Tested),40.46,34.897559199999996,39.99,34.4921748,551,USD,0.86252,Frankfurter 2026-06-16 (ECB),2026-06-17T08:45:31.849667+00:00,ok,
★ Navaja Knife | Tiger Tooth (Factory New),74.1,63.91273199999999,72.32,62.37744639999999,198,USD,0.86252,Frankfurter 2026-06-16 (ECB),2026-06-17T08:52:38.629687+00:00,ok,
★ Nomad Knife | Rust Coat (Battle-Scarred),100.33,86.53663159999999,97.62,84.1992024,271,USD,0.86252,Frankfurter 2026-06-16 (ECB),2026-06-17T08:34:54.876155+00:00,ok,
★ Paracord Knife | Doppler (Factory New),199.0,171.64148,200.87,173.2543924,131,USD,0.86252,Frankfurter 2026-06-16 (ECB),2026-06-17T07:48:52.317361+00:00,ok,
★ Paracord Knife | Rust Coat (Battle-Scarred),43.48,37.502369599999994,42.57,36.717476399999995,218,USD,0.86252,Frankfurter 2026-06-16 (ECB),2026-06-17T08:01:04.410650+00:00,ok,
★ Shadow Daggers | Bright Water (Factory New),46.26,39.9001752,45.38,39.1411576,140,USD,0.86252,Frankfurter 2026-06-16 (ECB),2026-06-17T08:47:45.205875+00:00,ok,
★ Shadow Daggers | Gamma Doppler (Factory New),101.0,87.11452,102.43,88.3479236,132,USD,0.86252,Frankfurter 2026-06-16 (ECB),2026-06-17T07:09:25.310154+00:00,ok,
★ Shadow Daggers | Rust Coat (Battle-Scarred),40.74,35.1390648,40.21,34.6819292,123,USD,0.86252,Frankfurter 2026-06-16 (ECB),2026-06-17T08:40:16.755415+00:00,ok,
★ Skeleton Knife | Rust Coat (Battle-Scarred),133.55,115.189546,130.83,112.84349160000001,443,USD,0.86252,Frankfurter 2026-06-16 (ECB),2026-06-17T08:48:02.170833+00:00,ok,
★ Specialist Gloves | Buckshot (Field-Tested),50.87,43.87639239999999,50.39,43.4623828,620,USD,0.86252,Frankfurter 2026-06-16 (ECB),2026-06-17T08:32:47.454085+00:00,ok,
★ Specialist Gloves | Crimson Web (Field-Tested),136.22,117.49247439999999,136.07,117.36309639999999,1146,USD,0.86252,Frankfurter 2026-06-16 (ECB),2026-06-17T08:16:36.021057+00:00,ok,
★ Specialist Gloves | Field Agent (Field-Tested),130.22,112.3173544,128.23,110.60093959999999,1081,USD,0.86252,Frankfurter 2026-06-16 (ECB),2026-06-17T06:40:16.081849+00:00,ok,
★ Specialist Gloves | Marble Fade (Field-Tested),145.55,125.539786,141.77,122.2794604,709,USD,0.86252,Frankfurter 2026-06-16 (ECB),2026-06-17T07:49:26.598771+00:00,ok,
★ Sport Gloves | Bronze Morph (Field-Tested),101.91,87.8994132,98.96,85.35497919999999,492,USD,0.86252,Frankfurter 2026-06-16 (ECB),2026-06-17T06:41:24.150727+00:00,ok,
★ Sport Gloves | Omega (Field-Tested),207.69,179.1367788,204.09,176.0317068,1274,USD,0.86252,Frankfurter 2026-06-16 (ECB),2026-06-17T07:16:13.870906+00:00,ok,
★ Survival Knife | Rust Coat (Battle-Scarred),43.6,37.605872,42.8,36.915856,202,USD,0.86252,Frankfurter 2026-06-16 (ECB),2026-06-17T06:46:37.141870+00:00,ok,
★ Ursus Knife | Rust Coat (Battle-Scarred),58.36,50.336667199999994,57.54,49.6294008,290,USD,0.86252,Frankfurter 2026-06-16 (ECB),2026-06-17T08:59:15.404807+00:00,ok,
