item,base_usd,base_eur,predicted_usd,predicted_eur,quantity,reference_currency,fx_usd_to_eur,fx_source,base_collected_at_utc,status,error
AK-47 | Aquamarine Revenge (Field-Tested),39.57,33.6194634,39.34,33.4240508,854,USD,0.84962,Frankfurter 2026-05-07 (ECB),2026-05-08T02:47:48.412102+00:00,ok,
AK-47 | Asiimov (Field-Tested),42.63,36.219300600000004,41.6,35.344192,2432,USD,0.84962,Frankfurter 2026-05-07 (ECB),2026-05-08T02:16:24.972650+00:00,ok,
AK-47 | Blue Laminate (Field-Tested),15.52,13.186102400000001,15.54,13.2030948,1687,USD,0.84962,Frankfurter 2026-05-07 (ECB),2026-05-08T02:50:47.863097+00:00,ok,
AK-47 | Blue Laminate (Minimal Wear),16.79,14.2651198,16.58,14.0866996,1943,USD,0.84962,Frankfurter 2026-05-07 (ECB),2026-05-08T03:21:12.401753+00:00,ok,
AK-47 | Cartel (Battle-Scarred),17.57,14.927823400000001,17.2,14.613464,130,USD,0.84962,Frankfurter 2026-05-07 (ECB),2026-05-08T03:42:45.098605+00:00,ok,
AK-47 | Cartel (Minimal Wear),22.01,18.700136200000003,21.85,18.564197000000004,1245,USD,0.84962,Frankfurter 2026-05-07 (ECB),2026-05-08T03:30:59.839452+00:00,ok,
AK-47 | Crane Flight (Minimal Wear),41.69,35.4206578,41.69,35.4206578,575,USD,0.84962,Frankfurter 2026-05-07 (ECB),2026-05-08T03:39:48.876842+00:00,ok,
AK-47 | Crossfade (Factory New),7.97,6.7714714,8.48,7.204777600000001,1682,USD,0.84962,Frankfurter 2026-05-07 (ECB),2026-05-08T02:31:23.656573+00:00,ok,
AK-47 | Elite Build (Factory New),11.44,9.7196528,11.32,9.6176984,1169,USD,0.84962,Frankfurter 2026-05-07 (ECB),2026-05-08T02:37:12.337244+00:00,ok,
AK-47 | Elite Build (Minimal Wear),3.01,2.5573562,2.95,2.5063790000000004,3863,USD,0.84962,Frankfurter 2026-05-07 (ECB),2026-05-08T03:32:12.145846+00:00,ok,
AK-47 | Emerald Pinstripe (Battle-Scarred),2.75,2.336455,2.74,2.3279588,455,USD,0.84962,Frankfurter 2026-05-07 (ECB),2026-05-08T03:31:16.142488+00:00,ok,
AK-47 | Emerald Pinstripe (Factory New),26.58,22.5828996,28.56,24.2651472,525,USD,0.84962,Frankfurter 2026-05-07 (ECB),2026-05-08T01:55:43.592515+00:00,ok,
AK-47 | Frontside Misty (Field-Tested),18.06,15.3441372,17.89,15.199701800000001,1664,USD,0.84962,Frankfurter 2026-05-07 (ECB),2026-05-08T03:20:35.305212+00:00,ok,
AK-47 | Head Shot (Minimal Wear),55.25,46.941505,55.81,47.417292200000006,964,USD,0.84962,Frankfurter 2026-05-07 (ECB),2026-05-08T02:42:17.527621+00:00,ok,
AK-47 | Ice Coaled (Factory New),18.86,16.0238332,19.08,16.2107496,2264,USD,0.84962,Frankfurter 2026-05-07 (ECB),2026-05-08T02:23:30.333148+00:00,ok,
AK-47 | Ice Coaled (Field-Tested),4.51,3.8317862,4.4,3.7383280000000005,8854,USD,0.84962,Frankfurter 2026-05-07 (ECB),2026-05-08T02:43:26.216477+00:00,ok,
AK-47 | Ice Coaled (Well-Worn),5.79,4.9192998,5.63,4.7833606,166,USD,0.84962,Frankfurter 2026-05-07 (ECB),2026-05-08T03:29:20.827436+00:00,ok,
AK-47 | Inheritance (Battle-Scarred),38.47,32.6848814,38.93,33.075706600000004,483,USD,0.84962,Frankfurter 2026-05-07 (ECB),2026-05-08T02:46:58.046066+00:00,ok,
AK-47 | Inheritance (Field-Tested),44.57,37.8675634,44.7,37.978014,4964,USD,0.84962,Frankfurter 2026-05-07 (ECB),2026-05-08T02:32:50.701421+00:00,ok,
AK-47 | Midnight Laminate (Battle-Scarred),2.81,2.3874322,2.92,2.4808904000000003,233,USD,0.84962,Frankfurter 2026-05-07 (ECB),2026-05-08T03:18:07.785617+00:00,ok,
AK-47 | Midnight Laminate (Minimal Wear),10.77,9.1504074,11.79,10.0170198,1891,USD,0.84962,Frankfurter 2026-05-07 (ECB),2026-05-08T02:33:56.869349+00:00,ok,
AK-47 | Neon Rider (Field-Tested),46.48,39.4903376,46.18,39.235451600000005,972,USD,0.84962,Frankfurter 2026-05-07 (ECB),2026-05-08T03:23:33.570960+00:00,ok,
AK-47 | Nouveau Rouge (Field-Tested),13.74,11.673778800000001,13.88,11.7927256,1122,USD,0.84962,Frankfurter 2026-05-07 (ECB),2026-05-08T03:18:24.959358+00:00,ok,
AK-47 | Phantom Disruptor (Factory New),34.77,29.541287400000005,34.27,29.116477400000004,649,USD,0.84962,Frankfurter 2026-05-07 (ECB),2026-05-08T03:17:49.656977+00:00,ok,
AK-47 | Redline (Battle-Scarred),28.47,24.1886814,28.4,24.129208,318,USD,0.84962,Frankfurter 2026-05-07 (ECB),2026-05-08T03:35:02.604923+00:00,ok,
AK-47 | Redline (Field-Tested),31.42,26.695060400000003,31.24,26.5421288,15133,USD,0.84962,Frankfurter 2026-05-07 (ECB),2026-05-08T02:39:41.288023+00:00,ok,
AK-47 | Safari Mesh (Factory New),14.58,12.387459600000001,15.37,13.0586594,334,USD,0.84962,Frankfurter 2026-05-07 (ECB),2026-05-08T02:04:48.395118+00:00,ok,
AK-47 | Safety Net (Factory New),26.35,22.387487000000004,26.69,22.6763578,647,USD,0.84962,Frankfurter 2026-05-07 (ECB),2026-05-08T02:05:23.500279+00:00,ok,
AK-47 | Searing Rage (Battle-Scarred),4.02,3.4154723999999996,4.0,3.39848,418,USD,0.84962,Frankfurter 2026-05-07 (ECB),2026-05-08T02:41:41.933424+00:00,ok,
AK-47 | Searing Rage (Field-Tested),4.8,4.078176,4.7,3.9932140000000005,1959,USD,0.84962,Frankfurter 2026-05-07 (ECB),2026-05-08T02:26:14.102957+00:00,ok,
AK-47 | Slate (Factory New),17.79,15.1147398,18.18,15.4460916,2829,USD,0.84962,Frankfurter 2026-05-07 (ECB),2026-05-08T02:41:58.729685+00:00,ok,
AK-47 | Slate (Field-Tested),4.47,3.7978014,4.58,3.8912596,10792,USD,0.84962,Frankfurter 2026-05-07 (ECB),2026-05-08T02:34:14.819816+00:00,ok,
AK-47 | Slate (Minimal Wear),7.11,6.0407982,7.12,6.0492944,7447,USD,0.84962,Frankfurter 2026-05-07 (ECB),2026-05-08T02:37:31.635052+00:00,ok,
AK-47 | Slate (Well-Worn),3.7,3.143594,3.72,3.1605864,3442,USD,0.84962,Frankfurter 2026-05-07 (ECB),2026-05-08T02:43:44.231937+00:00,ok,
AK-47 | Steel Delta (Factory New),23.02,19.5582524,23.43,19.9065966,518,USD,0.84962,Frankfurter 2026-05-07 (ECB),2026-05-08T02:04:11.463491+00:00,ok,
AUG | Amber Fade (Factory New),11.11,9.4392782,11.34,9.6346908,414,USD,0.84962,Frankfurter 2026-05-07 (ECB),2026-05-08T01:54:33.700190+00:00,ok,
AUG | Arctic Wolf (Factory New),25.21,21.418920200000002,27.58,23.4325196,264,USD,0.84962,Frankfurter 2026-05-07 (ECB),2026-05-08T02:02:46.680920+00:00,ok,
AUG | Death by Puppy (Factory New),24.27,20.6202774,24.0,20.390880000000003,241,USD,0.84962,Frankfurter 2026-05-07 (ECB),2026-05-08T03:35:18.964155+00:00,ok,
AUG | Eye of Zapems (Factory New),18.65,15.845412999999999,19.84,16.8564608,736,USD,0.84962,Frankfurter 2026-05-07 (ECB),2026-05-08T02:19:23.033172+00:00,ok,
AUG | Momentum (Field-Tested),5.41,4.5964442000000005,5.33,4.5284746,539,USD,0.84962,Frankfurter 2026-05-07 (ECB),2026-05-08T02:20:55.960963+00:00,ok,
AUG | Random Access (Factory New),14.28,12.1325736,14.87,12.6338494,238,USD,0.84962,Frankfurter 2026-05-07 (ECB),2026-05-08T03:23:13.793693+00:00,ok,
AUG | Stymphalian (Minimal Wear),5.2,4.418024,5.2,4.418024,376,USD,0.84962,Frankfurter 2026-05-07 (ECB),2026-05-08T03:17:14.839275+00:00,ok,
AWP | Acheron (Factory New),11.46,9.736645200000002,11.57,9.8301034,724,USD,0.84962,Frankfurter 2026-05-07 (ECB),2026-05-08T01:56:37.348147+00:00,ok,
AWP | Asiimov (Battle-Scarred),77.76,66.0664512,77.26,65.64164120000001,1499,USD,0.84962,Frankfurter 2026-05-07 (ECB),2026-05-08T02:11:45.903098+00:00,ok,
AWP | Atheris (Battle-Scarred),3.65,3.1011130000000002,3.67,3.1181054,808,USD,0.84962,Frankfurter 2026-05-07 (ECB),2026-05-08T02:50:29.977212+00:00,ok,
AWP | Atheris (Factory New),47.05,39.974621,46.67,39.6517654,558,USD,0.84962,Frankfurter 2026-05-07 (ECB),2026-05-08T02:12:19.624739+00:00,ok,
AWP | Atheris (Minimal Wear),7.68,6.5250816,7.84,6.6610208,1318,USD,0.84962,Frankfurter 2026-05-07 (ECB),2026-05-08T02:50:10.384232+00:00,ok,
AWP | Atheris (Well-Worn),3.73,3.1690826000000003,3.71,3.1520902,402,USD,0.84962,Frankfurter 2026-05-07 (ECB),2026-05-08T03:16:40.303709+00:00,ok,
AWP | Black Nile (Battle-Scarred),3.57,3.0331434,3.85,3.271037,531,USD,0.84962,Frankfurter 2026-05-07 (ECB),2026-05-08T02:30:49.559584+00:00,ok,
AWP | Black Nile (Factory New),33.4,28.377308,33.61,28.5557282,526,USD,0.84962,Frankfurter 2026-05-07 (ECB),2026-05-08T02:01:51.576442+00:00,ok,
AWP | Black Nile (Minimal Wear),5.5,4.67291,5.59,4.7493758,520,USD,0.84962,Frankfurter 2026-05-07 (ECB),2026-05-08T02:45:49.333972+00:00,ok,
AWP | Chromatic Aberration (Minimal Wear),42.4,36.023888,42.06,35.7350172,899,USD,0.84962,Frankfurter 2026-05-07 (ECB),2026-05-08T02:14:57.281858+00:00,ok,
AWP | Chrome Cannon (Battle-Scarred),26.58,22.5828996,26.65,22.642373,276,USD,0.84962,Frankfurter 2026-05-07 (ECB),2026-05-08T02:39:58.296805+00:00,ok,
AWP | Chrome Cannon (Field-Tested),29.04,24.6729648,28.36,24.0952232,1796,USD,0.84962,Frankfurter 2026-05-07 (ECB),2026-05-08T02:24:25.535156+00:00,ok,
AWP | Chrome Cannon (Minimal Wear),40.02,34.00179240000001,38.72,32.8972864,1121,USD,0.84962,Frankfurter 2026-05-07 (ECB),2026-05-08T03:30:40.301071+00:00,ok,
AWP | Crakow! (Battle-Scarred),22.69,19.277877800000002,22.81,19.3798322,292,USD,0.84962,Frankfurter 2026-05-07 (ECB),2026-05-08T02:49:53.994532+00:00,ok,
AWP | Duality (Battle-Scarred),3.04,2.5828448,3.1,2.6338220000000003,497,USD,0.84962,Frankfurter 2026-05-07 (ECB),2026-05-08T02:39:19.134038+00:00,ok,
AWP | Duality (Field-Tested),3.55,3.016151,3.49,2.9651738000000005,3255,USD,0.84962,Frankfurter 2026-05-07 (ECB),2026-05-08T02:01:32.954927+00:00,ok,
AWP | Elite Build (Battle-Scarred),13.61,11.5633282,13.58,11.5378396,178,USD,0.84962,Frankfurter 2026-05-07 (ECB),2026-05-08T03:36:42.997182+00:00,ok,
AWP | Exoskeleton (Battle-Scarred),4.7,3.9932140000000005,4.74,4.027198800000001,393,USD,0.84962,Frankfurter 2026-05-07 (ECB),2026-05-08T02:25:57.881149+00:00,ok,
AWP | Exoskeleton (Field-Tested),5.46,4.6389252,5.49,4.6644138,602,USD,0.84962,Frankfurter 2026-05-07 (ECB),2026-05-08T03:32:46.604578+00:00,ok,
AWP | Hyper Beast (Battle-Scarred),35.54,30.195494800000002,35.24,29.940608800000003,215,USD,0.84962,Frankfurter 2026-05-07 (ECB),2026-05-08T02:06:16.199712+00:00,ok,
AWP | Hyper Beast (Minimal Wear),54.14,45.998426800000004,53.22,45.2167764,489,USD,0.84962,Frankfurter 2026-05-07 (ECB),2026-05-08T03:33:21.802023+00:00,ok,
AWP | Ice Coaled (Battle-Scarred),4.73,4.0187026,4.77,4.0526874,524,USD,0.84962,Frankfurter 2026-05-07 (ECB),2026-05-08T02:38:07.885776+00:00,ok,
AWP | Mortis (Factory New),19.98,16.9754076,20.14,17.1113468,619,USD,0.84962,Frankfurter 2026-05-07 (ECB),2026-05-08T03:18:40.777277+00:00,ok,
AWP | PAW (Factory New),7.17,6.0917754,7.33,6.2277146000000005,2074,USD,0.84962,Frankfurter 2026-05-07 (ECB),2026-05-08T03:24:09.695507+00:00,ok,
AWP | Printstream (Field-Tested),49.99,42.472503800000005,49.45,42.013709000000006,2560,USD,0.84962,Frankfurter 2026-05-07 (ECB),2026-05-08T02:44:55.809607+00:00,ok,
AWP | Printstream (Minimal Wear),78.88,67.0180256,76.05,64.613601,1702,USD,0.84962,Frankfurter 2026-05-07 (ECB),2026-05-08T03:22:38.833905+00:00,ok,
AWP | Sun in Leo (Factory New),85.71,72.82093019999999,85.3,72.472586,1118,USD,0.84962,Frankfurter 2026-05-07 (ECB),2026-05-08T02:40:31.760483+00:00,ok,
AWP | Sun in Leo (Field-Tested),22.98,19.5242676,22.88,19.4393056,455,USD,0.84962,Frankfurter 2026-05-07 (ECB),2026-05-08T03:42:09.560138+00:00,ok,
AWP | Worm God (Factory New),5.15,4.375543,5.18,4.4010316,1648,USD,0.84962,Frankfurter 2026-05-07 (ECB),2026-05-08T03:37:55.162593+00:00,ok,
CZ75-Auto | Imprint (Factory New),4.99,4.2396038,5.07,4.307573400000001,164,USD,0.84962,Frankfurter 2026-05-07 (ECB),2026-05-08T01:57:50.425314+00:00,ok,
CZ75-Auto | Pole Position (Factory New),12.07,10.254913400000001,11.95,10.152959,196,USD,0.84962,Frankfurter 2026-05-07 (ECB),2026-05-08T02:17:00.584123+00:00,ok,
CZ75-Auto | Tacticat (Factory New),8.22,6.983876400000001,8.16,6.9328992000000005,386,USD,0.84962,Frankfurter 2026-05-07 (ECB),2026-05-08T02:07:12.808451+00:00,ok,
Desert Eagle | Conspiracy (Factory New),19.8,16.822476,19.43,16.5081166,2007,USD,0.84962,Frankfurter 2026-05-07 (ECB),2026-05-08T03:20:53.318628+00:00,ok,
Desert Eagle | Crimson Web (Field-Tested),12.55,10.662731,12.52,10.6372424,815,USD,0.84962,Frankfurter 2026-05-07 (ECB),2026-05-08T02:34:48.997873+00:00,ok,
Desert Eagle | Directive (Minimal Wear),6.57,5.5820034000000005,6.57,5.5820034000000005,379,USD,0.84962,Frankfurter 2026-05-07 (ECB),2026-05-08T03:28:26.843928+00:00,ok,
Desert Eagle | Firebreathing (Factory New),8.74,7.425678800000001,8.74,7.425678800000001,326,USD,0.84962,Frankfurter 2026-05-07 (ECB),2026-05-08T03:26:11.732269+00:00,ok,
Desert Eagle | Heat Treated (Minimal Wear),2.96,2.5148752,3.11,2.6423182,4874,USD,0.84962,Frankfurter 2026-05-07 (ECB),2026-05-08T02:26:50.984021+00:00,ok,
Desert Eagle | Light Rail (Factory New),16.71,14.197150200000001,16.85,14.316097000000003,413,USD,0.84962,Frankfurter 2026-05-07 (ECB),2026-05-08T02:19:06.210568+00:00,ok,
Desert Eagle | Mecha Industries (Factory New),14.89,12.6508418,15.07,12.8037734,1169,USD,0.84962,Frankfurter 2026-05-07 (ECB),2026-05-08T02:42:52.150045+00:00,ok,
Desert Eagle | Mulberry (Factory New),22.06,18.7426172,23.04,19.5752448,980,USD,0.84962,Frankfurter 2026-05-07 (ECB),2026-05-08T03:24:46.995497+00:00,ok,
Desert Eagle | Mulberry (Minimal Wear),11.1,9.430782,11.74,9.974538800000001,1446,USD,0.84962,Frankfurter 2026-05-07 (ECB),2026-05-08T02:21:14.026693+00:00,ok,
Desert Eagle | Night (Minimal Wear),23.42,19.898100400000004,23.86,20.2719332,535,USD,0.84962,Frankfurter 2026-05-07 (ECB),2026-05-08T02:28:46.523581+00:00,ok,
Desert Eagle | Printstream (Factory New),85.01,72.2261962,82.41,70.0171842,1310,USD,0.84962,Frankfurter 2026-05-07 (ECB),2026-05-08T03:37:01.715220+00:00,ok,
Desert Eagle | Printstream (Field-Tested),36.62,31.113084399999998,36.22,30.773236400000002,4993,USD,0.84962,Frankfurter 2026-05-07 (ECB),2026-05-08T02:36:16.408830+00:00,ok,
Desert Eagle | Printstream (Minimal Wear),46.03,39.108008600000005,45.71,38.8361302,3273,USD,0.84962,Frankfurter 2026-05-07 (ECB),2026-05-08T03:27:36.260391+00:00,ok,
Desert Eagle | Serpent Strike (Factory New),2.82,2.3959284,2.81,2.3874322,2062,USD,0.84962,Frankfurter 2026-05-07 (ECB),2026-05-08T02:17:53.240267+00:00,ok,
Desert Eagle | Trigger Discipline (Factory New),9.71,8.2498102,9.84,8.3602608,634,USD,0.84962,Frankfurter 2026-05-07 (ECB),2026-05-08T03:25:54.032628+00:00,ok,
Dual Berettas | Anodized Navy (Factory New),24.95,21.198019000000002,26.97,22.9142514,160,USD,0.84962,Frankfurter 2026-05-07 (ECB),2026-05-08T02:05:05.531797+00:00,ok,
Dual Berettas | Elite 1.6 (Factory New),2.95,2.5063790000000004,2.96,2.5148752,147,USD,0.84962,Frankfurter 2026-05-07 (ECB),2026-05-08T01:58:57.494678+00:00,ok,
Dual Berettas | Flora Carnivora (Factory New),7.29,6.193729800000001,7.49,6.363653800000001,392,USD,0.84962,Frankfurter 2026-05-07 (ECB),2026-05-08T02:10:57.876964+00:00,ok,
Dual Berettas | Hydro Strike (Factory New),9.77,8.3007874,9.83,8.351764600000001,324,USD,0.84962,Frankfurter 2026-05-07 (ECB),2026-05-08T02:14:37.462913+00:00,ok,
Dual Berettas | Melondrama (Battle-Scarred),5.47,4.6474214,5.34,4.5369708,424,USD,0.84962,Frankfurter 2026-05-07 (ECB),2026-05-08T03:27:51.633114+00:00,ok,
Dual Berettas | Melondrama (Factory New),23.06,19.5922372,23.21,19.719680200000003,359,USD,0.84962,Frankfurter 2026-05-07 (ECB),2026-05-08T03:21:47.415917+00:00,ok,
Dual Berettas | Melondrama (Field-Tested),6.09,5.1741858,5.91,5.0212542000000004,1558,USD,0.84962,Frankfurter 2026-05-07 (ECB),2026-05-08T02:08:36.448789+00:00,ok,
Dual Berettas | Melondrama (Minimal Wear),7.49,6.363653800000001,7.45,6.329669000000001,1019,USD,0.84962,Frankfurter 2026-05-07 (ECB),2026-05-08T02:23:14.554738+00:00,ok,
Dual Berettas | Panther (Factory New),13.28,11.2829536,13.92,11.826710400000001,185,USD,0.84962,Frankfurter 2026-05-07 (ECB),2026-05-08T01:56:54.636927+00:00,ok,
Dual Berettas | Royal Consorts (Field-Tested),4.15,3.5259230000000006,4.11,3.4919382000000003,345,USD,0.84962,Frankfurter 2026-05-07 (ECB),2026-05-08T02:27:10.726852+00:00,ok,
Dual Berettas | Sweet Little Angels (Minimal Wear),6.4,5.437568000000001,6.51,5.5310262,643,USD,0.84962,Frankfurter 2026-05-07 (ECB),2026-05-08T03:34:11.582096+00:00,ok,
Dual Berettas | Urban Shock (Factory New),9.79,8.3177798,9.42,8.0034204,164,USD,0.84962,Frankfurter 2026-05-07 (ECB),2026-05-08T02:16:44.606703+00:00,ok,
FAMAS | Eye of Athena (Minimal Wear),10.27,8.7255974,10.07,8.5556734,190,USD,0.84962,Frankfurter 2026-05-07 (ECB),2026-05-08T03:42:26.229698+00:00,ok,
FAMAS | Rapid Eye Movement (Battle-Scarred),5.61,4.7663682000000005,5.55,4.715391,383,USD,0.84962,Frankfurter 2026-05-07 (ECB),2026-05-08T02:07:29.622217+00:00,ok,
FAMAS | Rapid Eye Movement (Factory New),27.79,23.6109398,27.83,23.6449246,346,USD,0.84962,Frankfurter 2026-05-07 (ECB),2026-05-08T03:22:05.297227+00:00,ok,
FAMAS | Rapid Eye Movement (Field-Tested),6.07,5.157193400000001,6.03,5.123208600000001,1715,USD,0.84962,Frankfurter 2026-05-07 (ECB),2026-05-08T02:12:01.442766+00:00,ok,
Five-SeveN | Boost Protocol (Factory New),12.55,10.662731,12.68,10.773181600000001,581,USD,0.84962,Frankfurter 2026-05-07 (ECB),2026-05-08T02:28:28.106820+00:00,ok,
Five-SeveN | Capillary (Factory New),3.32,2.8207384,3.24,2.7527688,261,USD,0.84962,Frankfurter 2026-05-07 (ECB),2026-05-08T02:22:57.741171+00:00,ok,
Five-SeveN | Forest Night (Factory New),5.54,4.706894800000001,6.19,5.259147800000001,201,USD,0.84962,Frankfurter 2026-05-07 (ECB),2026-05-08T01:59:32.250786+00:00,ok,
Five-SeveN | Heat Treated (Battle-Scarred),4.31,3.6618622,4.46,3.7893052000000003,1273,USD,0.84962,Frankfurter 2026-05-07 (ECB),2026-05-08T03:35:55.054940+00:00,ok,
Five-SeveN | Heat Treated (Factory New),43.87,37.2728294,44.63,37.91854060000001,713,USD,0.84962,Frankfurter 2026-05-07 (ECB),2026-05-08T02:40:51.700760+00:00,ok,
Five-SeveN | Hybrid (Factory New),5.49,4.6644138,5.58,4.7408796,427,USD,0.84962,Frankfurter 2026-05-07 (ECB),2026-05-08T02:08:03.340950+00:00,ok,
Five-SeveN | Monkey Business (Field-Tested),11.69,9.9320578,11.56,9.8216072,1062,USD,0.84962,Frankfurter 2026-05-07 (ECB),2026-05-08T02:06:33.993791+00:00,ok,
Five-SeveN | Scumbria (Factory New),10.23,8.691612600000001,10.22,8.683116400000001,147,USD,0.84962,Frankfurter 2026-05-07 (ECB),2026-05-08T01:54:51.351633+00:00,ok,
Five-SeveN | Urban Hazard (Factory New),4.52,3.8402824,4.66,3.9592292000000002,607,USD,0.84962,Frankfurter 2026-05-07 (ECB),2026-05-08T02:13:11.878035+00:00,ok,
Five-SeveN | Violent Daimyo (Factory New),2.68,2.2769816,2.65,2.251493,521,USD,0.84962,Frankfurter 2026-05-07 (ECB),2026-05-08T02:01:15.307761+00:00,ok,
G3SG1 | Stinger (Field-Tested),3.96,3.3644952000000004,3.86,3.2795332,248,USD,0.84962,Frankfurter 2026-05-07 (ECB),2026-05-08T02:09:10.799422+00:00,ok,
Galil AR | Akoben (Factory New),7.24,6.1512488,7.43,6.3126766,267,USD,0.84962,Frankfurter 2026-05-07 (ECB),2026-05-08T01:56:03.076298+00:00,ok,
Galil AR | Black Sand (Factory New),21.76,18.487731200000002,21.88,18.5896856,155,USD,0.84962,Frankfurter 2026-05-07 (ECB),2026-05-08T01:53:41.653255+00:00,ok,
Galil AR | Chromatic Aberration (Battle-Scarred),3.45,2.9311890000000003,3.36,2.8547232,182,USD,0.84962,Frankfurter 2026-05-07 (ECB),2026-05-08T03:43:00.998378+00:00,ok,
Galil AR | Connexion (Factory New),4.78,4.061183600000001,4.73,4.0187026,612,USD,0.84962,Frankfurter 2026-05-07 (ECB),2026-05-08T02:32:33.605236+00:00,ok,
Galil AR | Control (Factory New),5.3,4.502986,5.32,4.5199784,693,USD,0.84962,Frankfurter 2026-05-07 (ECB),2026-05-08T02:22:20.384055+00:00,ok,
Galil AR | Crimson Tsunami (Factory New),14.63,12.429940600000002,15.17,12.8887354,442,USD,0.84962,Frankfurter 2026-05-07 (ECB),2026-05-08T02:15:14.409967+00:00,ok,
Galil AR | Eco (Field-Tested),12.62,10.7222044,12.75,10.832655,1603,USD,0.84962,Frankfurter 2026-05-07 (ECB),2026-05-08T02:41:26.265834+00:00,ok,
Galil AR | Firefight (Factory New),21.8,18.521716,21.83,18.5472046,183,USD,0.84962,Frankfurter 2026-05-07 (ECB),2026-05-08T02:16:07.777960+00:00,ok,
Galil AR | Rainbow Spoon (Minimal Wear),42.12,35.7859944,42.46,36.074865200000005,883,USD,0.84962,Frankfurter 2026-05-07 (ECB),2026-05-08T03:37:20.379837+00:00,ok,
Galil AR | Rocket Pop (Factory New),16.09,13.6703858,15.85,13.466477000000001,344,USD,0.84962,Frankfurter 2026-05-07 (ECB),2026-05-08T02:31:41.818775+00:00,ok,
Galil AR | Sage Spray (Factory New),5.65,4.800353,5.61,4.7663682000000005,134,USD,0.84962,Frankfurter 2026-05-07 (ECB),2026-05-08T01:58:06.483732+00:00,ok,
Galil AR | Signal (Factory New),4.93,4.1886266,4.94,4.197122800000001,737,USD,0.84962,Frankfurter 2026-05-07 (ECB),2026-05-08T02:38:24.715974+00:00,ok,
Galil AR | Sky Mandala (Factory New),2.61,2.2175082,2.61,2.2175082,1082,USD,0.84962,Frankfurter 2026-05-07 (ECB),2026-05-08T02:33:07.106479+00:00,ok,
Galil AR | Tuxedo (Factory New),3.49,2.9651738000000005,3.65,3.1011130000000002,853,USD,0.84962,Frankfurter 2026-05-07 (ECB),2026-05-08T02:46:42.285518+00:00,ok,
Glock-18 | Blue Fissure (Minimal Wear),7.72,6.5590664,7.69,6.533577800000001,469,USD,0.84962,Frankfurter 2026-05-07 (ECB),2026-05-08T02:40:16.382172+00:00,ok,
Glock-18 | Catacombs (Factory New),5.54,4.706894800000001,5.66,4.8088492,451,USD,0.84962,Frankfurter 2026-05-07 (ECB),2026-05-08T02:00:41.081740+00:00,ok,
Glock-18 | Glockingbird (Minimal Wear),2.38,2.0220956,2.42,2.0560804,1300,USD,0.84962,Frankfurter 2026-05-07 (ECB),2026-05-08T03:28:08.702985+00:00,ok,
Glock-18 | Gold Toof (Field-Tested),31.74,26.9669388,31.7,26.932954000000002,407,USD,0.84962,Frankfurter 2026-05-07 (ECB),2026-05-08T02:15:34.106335+00:00,ok,
Glock-18 | Grinder (Factory New),14.31,12.158062200000002,14.63,12.429940600000002,765,USD,0.84962,Frankfurter 2026-05-07 (ECB),2026-05-08T02:02:27.090343+00:00,ok,
Glock-18 | Mirror Mosaic (Field-Tested),5.96,5.0637352,5.94,5.0467428000000005,546,USD,0.84962,Frankfurter 2026-05-07 (ECB),2026-05-08T03:37:37.990656+00:00,ok,
Glock-18 | Moonrise (Factory New),3.64,3.0926168,3.78,3.2115636,1637,USD,0.84962,Frankfurter 2026-05-07 (ECB),2026-05-08T02:23:49.248252+00:00,ok,
Glock-18 | Shinobu (Battle-Scarred),4.25,3.610885,4.26,3.6193812,857,USD,0.84962,Frankfurter 2026-05-07 (ECB),2026-05-08T02:27:49.662694+00:00,ok,
Glock-18 | Shinobu (Minimal Wear),9.15,7.774023000000001,8.89,7.5531218,1508,USD,0.84962,Frankfurter 2026-05-07 (ECB),2026-05-08T02:44:18.402479+00:00,ok,
Glock-18 | Vogue (Field-Tested),3.64,3.0926168,3.59,3.0501358,2120,USD,0.84962,Frankfurter 2026-05-07 (ECB),2026-05-08T02:33:22.429827+00:00,ok,
Glock-18 | Vogue (Minimal Wear),5.89,5.0042618,5.93,5.0382466,816,USD,0.84962,Frankfurter 2026-05-07 (ECB),2026-05-08T02:44:37.580751+00:00,ok,
Glock-18 | Water Elemental (Factory New),39.53,33.5854786,38.37,32.5999194,730,USD,0.84962,Frankfurter 2026-05-07 (ECB),2026-05-08T02:49:19.782759+00:00,ok,
Glock-18 | Water Elemental (Minimal Wear),19.71,16.7460102,19.38,16.4656356,1220,USD,0.84962,Frankfurter 2026-05-07 (ECB),2026-05-08T03:24:29.327808+00:00,ok,
M4A1-S | Black Lotus (Battle-Scarred),5.28,4.4859936000000005,5.26,4.4690012,1249,USD,0.84962,Frankfurter 2026-05-07 (ECB),2026-05-08T03:34:28.375068+00:00,ok,
M4A1-S | Black Lotus (Factory New),17.74,15.0722588,17.84,15.157220800000001,1792,USD,0.84962,Frankfurter 2026-05-07 (ECB),2026-05-08T02:45:12.792787+00:00,ok,
M4A1-S | Black Lotus (Field-Tested),5.42,4.6049404,5.52,4.6899024,6447,USD,0.84962,Frankfurter 2026-05-07 (ECB),2026-05-08T02:24:42.831619+00:00,ok,
M4A1-S | Black Lotus (Minimal Wear),8.44,7.1707928,8.41,7.145304200000001,2863,USD,0.84962,Frankfurter 2026-05-07 (ECB),2026-05-08T03:27:03.998486+00:00,ok,
M4A1-S | Blood Tiger (Factory New),29.99,25.4801038,29.82,25.335668400000003,479,USD,0.84962,Frankfurter 2026-05-07 (ECB),2026-05-08T02:03:02.006159+00:00,ok,
M4A1-S | Fizzy POP (Factory New),12.51,10.6287462,12.71,10.798670200000002,815,USD,0.84962,Frankfurter 2026-05-07 (ECB),2026-05-08T02:05:58.303813+00:00,ok,
M4A1-S | Flashback (Battle-Scarred),3.39,2.8802118,3.31,2.8122422,373,USD,0.84962,Frankfurter 2026-05-07 (ECB),2026-05-08T03:25:21.110043+00:00,ok,
M4A1-S | Glitched Paint (Minimal Wear),4.29,3.6448698000000004,4.4,3.7383280000000005,1101,USD,0.84962,Frankfurter 2026-05-07 (ECB),2026-05-08T02:21:44.802919+00:00,ok,
M4A1-S | Guardian (Field-Tested),28.88,24.5370256,29.31,24.9023622,401,USD,0.84962,Frankfurter 2026-05-07 (ECB),2026-05-08T03:36:10.312496+00:00,ok,
M4A1-S | Mud-Spec (Factory New),4.89,4.1546418,4.95,4.205619,677,USD,0.84962,Frankfurter 2026-05-07 (ECB),2026-05-08T02:00:56.895500+00:00,ok,
M4A1-S | Nightmare (Battle-Scarred),7.3,6.2022260000000005,7.26,6.1682412,189,USD,0.84962,Frankfurter 2026-05-07 (ECB),2026-05-08T03:19:38.550207+00:00,ok,
M4A1-S | Nightmare (Field-Tested),9.34,7.9354508,9.33,7.9269546,1305,USD,0.84962,Frankfurter 2026-05-07 (ECB),2026-05-08T03:32:28.949211+00:00,ok,
M4A1-S | Nitro (Factory New),20.75,17.629615,20.77,17.6466074,1041,USD,0.84962,Frankfurter 2026-05-07 (ECB),2026-05-08T02:43:09.409663+00:00,ok,
M4A1-S | Player Two (Field-Tested),54.43,46.2448166,54.23,46.0748926,977,USD,0.84962,Frankfurter 2026-05-07 (ECB),2026-05-08T02:00:22.267700+00:00,ok,
M4A1-S | Stratosphere (Field-Tested),6.37,5.4120794000000005,6.43,5.4630566,1360,USD,0.84962,Frankfurter 2026-05-07 (ECB),2026-05-08T03:33:03.053994+00:00,ok,
M4A4 | Choppa (Factory New),2.51,2.1325461999999997,2.48,2.1070576,943,USD,0.84962,Frankfurter 2026-05-07 (ECB),2026-05-08T02:17:16.436312+00:00,ok,
M4A4 | Converter (Factory New),2.61,2.2175082,2.76,2.3449512,3540,USD,0.84962,Frankfurter 2026-05-07 (ECB),2026-05-08T02:11:15.088016+00:00,ok,
M4A4 | Etch Lord (Factory New),7.28,6.1852336,7.5,6.37215,478,USD,0.84962,Frankfurter 2026-05-07 (ECB),2026-05-08T02:31:07.675978+00:00,ok,
M4A4 | Evil Daimyo (Factory New),10.87,9.2353694,10.99,9.3373238,1587,USD,0.84962,Frankfurter 2026-05-07 (ECB),2026-05-08T02:19:40.013745+00:00,ok,
M4A4 | Evil Daimyo (Field-Tested),3.35,2.8462270000000003,3.38,2.8717156,925,USD,0.84962,Frankfurter 2026-05-07 (ECB),2026-05-08T03:28:42.240723+00:00,ok,
M4A4 | Neo-Noir (Field-Tested),36.35,30.883687000000002,35.68,30.314441600000002,1415,USD,0.84962,Frankfurter 2026-05-07 (ECB),2026-05-08T02:09:46.298250+00:00,ok,
M4A4 | Polysoup (Field-Tested),13.4,11.384908000000001,13.76,11.6907712,273,USD,0.84962,Frankfurter 2026-05-07 (ECB),2026-05-08T02:49:02.507430+00:00,ok,
M4A4 | Temukau (Field-Tested),35.19,29.8981278,34.63,29.422340600000005,1881,USD,0.84962,Frankfurter 2026-05-07 (ECB),2026-05-08T02:10:21.641313+00:00,ok,
M4A4 | Temukau (Minimal Wear),58.29,49.5243498,58.55,49.745251,1242,USD,0.84962,Frankfurter 2026-05-07 (ECB),2026-05-08T02:15:49.530763+00:00,ok,
M4A4 | The Emperor (Field-Tested),55.78,47.3918036,56.16,47.7146592,973,USD,0.84962,Frankfurter 2026-05-07 (ECB),2026-05-08T02:04:29.022755+00:00,ok,
M4A4 | Tooth Fairy (Factory New),20.13,17.1028506,19.97,16.9669114,896,USD,0.84962,Frankfurter 2026-05-07 (ECB),2026-05-08T02:29:18.643476+00:00,ok,
M4A4 | Tooth Fairy (Field-Tested),3.71,3.1520902,3.62,3.0756244,1942,USD,0.84962,Frankfurter 2026-05-07 (ECB),2026-05-08T02:35:23.606167+00:00,ok,
M4A4 | Tooth Fairy (Minimal Wear),5.86,4.978773200000001,5.86,4.978773200000001,759,USD,0.84962,Frankfurter 2026-05-07 (ECB),2026-05-08T02:25:39.048826+00:00,ok,
M4A4 | Turbine (Factory New),31.08,26.4061896,30.85,26.210777000000004,294,USD,0.84962,Frankfurter 2026-05-07 (ECB),2026-05-08T03:30:01.165918+00:00,ok,
MAC-10 | Cat Fight (Factory New),4.45,3.7808090000000005,4.46,3.7893052000000003,496,USD,0.84962,Frankfurter 2026-05-07 (ECB),2026-05-08T02:48:04.841199+00:00,ok,
MAC-10 | Derailment (Factory New),31.36,26.6440832,31.9,27.102878,573,USD,0.84962,Frankfurter 2026-05-07 (ECB),2026-05-08T03:33:38.394380+00:00,ok,
MAC-10 | Disco Tech (Field-Tested),5.55,4.715391,5.57,4.732383400000001,1318,USD,0.84962,Frankfurter 2026-05-07 (ECB),2026-05-08T02:24:07.771772+00:00,ok,
MAC-10 | Disco Tech (Minimal Wear),7.55,6.414631,7.65,6.499593000000001,581,USD,0.84962,Frankfurter 2026-05-07 (ECB),2026-05-08T03:40:24.599166+00:00,ok,
MAC-10 | Echoing Sands (Factory New),7.14,6.0662868,7.31,6.2107222,180,USD,0.84962,Frankfurter 2026-05-07 (ECB),2026-05-08T02:17:35.119537+00:00,ok,
MAC-10 | Heat (Field-Tested),2.91,2.4723942,2.92,2.4808904000000003,204,USD,0.84962,Frankfurter 2026-05-07 (ECB),2026-05-08T03:38:52.588138+00:00,ok,
MAC-10 | Lapis Gator (Factory New),4.62,3.9252444000000004,4.8,4.078176,347,USD,0.84962,Frankfurter 2026-05-07 (ECB),2026-05-08T02:03:53.963191+00:00,ok,
MAC-10 | Last Dive (Factory New),9.13,7.757030600000001,8.93,7.5871066,256,USD,0.84962,Frankfurter 2026-05-07 (ECB),2026-05-08T02:26:31.964394+00:00,ok,
MAC-10 | Malachite (Factory New),13.78,11.7077636,13.78,11.7077636,232,USD,0.84962,Frankfurter 2026-05-07 (ECB),2026-05-08T02:25:18.931336+00:00,ok,
MAC-10 | Pipsqueak (Factory New),4.64,3.9422368,4.82,4.0951684,1035,USD,0.84962,Frankfurter 2026-05-07 (ECB),2026-05-08T02:10:03.671351+00:00,ok,
MAC-10 | Saibā Oni (Factory New),8.95,7.604099,9.09,7.7230458,385,USD,0.84962,Frankfurter 2026-05-07 (ECB),2026-05-08T02:38:40.879871+00:00,ok,
MAC-10 | Whitefish (Factory New),6.18,5.2506516,6.33,5.378094600000001,120,USD,0.84962,Frankfurter 2026-05-07 (ECB),2026-05-08T01:53:10.906930+00:00,ok,
MAG-7 | Justice (Field-Tested),5.69,4.8343378,5.63,4.7833606,421,USD,0.84962,Frankfurter 2026-05-07 (ECB),2026-05-08T03:18:58.611026+00:00,ok,
MAG-7 | Monster Call (Factory New),5.46,4.6389252,5.48,4.6559176,401,USD,0.84962,Frankfurter 2026-05-07 (ECB),2026-05-08T03:29:41.561992+00:00,ok,
MAG-7 | Popdog (Factory New),3.7,3.143594,3.62,3.0756244,181,USD,0.84962,Frankfurter 2026-05-07 (ECB),2026-05-08T01:53:59.349537+00:00,ok,
MP5-SD | Statics (Factory New),3.08,2.6168296,3.13,2.6593106,81,USD,0.84962,Frankfurter 2026-05-07 (ECB),2026-05-08T02:18:47.470974+00:00,ok,
MP7 | Abyssal Apparition (Battle-Scarred),5.75,4.885315,5.61,4.7663682000000005,309,USD,0.84962,Frankfurter 2026-05-07 (ECB),2026-05-08T03:17:31.667483+00:00,ok,
MP7 | Abyssal Apparition (Field-Tested),5.7,4.842834000000001,5.57,4.732383400000001,1522,USD,0.84962,Frankfurter 2026-05-07 (ECB),2026-05-08T02:20:38.615344+00:00,ok,
MP7 | Abyssal Apparition (Minimal Wear),7.53,6.3976386000000005,7.65,6.499593000000001,880,USD,0.84962,Frankfurter 2026-05-07 (ECB),2026-05-08T02:18:13.061027+00:00,ok,
MP7 | Armor Core (Factory New),2.96,2.5148752,2.86,2.4299132,267,USD,0.84962,Frankfurter 2026-05-07 (ECB),2026-05-08T03:21:29.166722+00:00,ok,
MP7 | Bloodsport (Minimal Wear),45.6,38.742672000000006,46.91,39.855674199999996,839,USD,0.84962,Frankfurter 2026-05-07 (ECB),2026-05-08T02:25:01.453297+00:00,ok,
MP7 | Fade (Factory New),35.58,30.2294796,35.2,29.906624000000004,1697,USD,0.84962,Frankfurter 2026-05-07 (ECB),2026-05-08T02:19:59.114751+00:00,ok,
MP7 | Just Smile (Factory New),6.86,5.828393200000001,6.95,5.904859,393,USD,0.84962,Frankfurter 2026-05-07 (ECB),2026-05-08T03:39:29.605254+00:00,ok,
MP7 | Powercore (Minimal Wear),3.6,3.0586320000000002,3.55,3.016151,168,USD,0.84962,Frankfurter 2026-05-07 (ECB),2026-05-08T03:33:54.384772+00:00,ok,
MP9 | Airlock (Field-Tested),11.52,9.7876224,11.57,9.8301034,373,USD,0.84962,Frankfurter 2026-05-07 (ECB),2026-05-08T02:35:40.404186+00:00,ok,
MP9 | Arctic Tri-Tone (Factory New),13.75,11.682275,13.9,11.809718,1648,USD,0.84962,Frankfurter 2026-05-07 (ECB),2026-05-08T03:23:51.662641+00:00,ok,
MP9 | Food Chain (Field-Tested),3.73,3.1690826000000003,3.83,3.2540446000000003,773,USD,0.84962,Frankfurter 2026-05-07 (ECB),2026-05-08T02:51:24.914638+00:00,ok,
MP9 | Hydra (Field-Tested),6.02,5.1147124,6.18,5.2506516,322,USD,0.84962,Frankfurter 2026-05-07 (ECB),2026-05-08T03:34:47.376999+00:00,ok,
MP9 | Hydra (Minimal Wear),12.49,10.6117538,12.73,10.815662600000001,319,USD,0.84962,Frankfurter 2026-05-07 (ECB),2026-05-08T02:22:02.710954+00:00,ok,
MP9 | Hypnotic (Factory New),27.44,23.313572800000003,27.52,23.3815424,350,USD,0.84962,Frankfurter 2026-05-07 (ECB),2026-05-08T02:49:37.825531+00:00,ok,
MP9 | Slide (Factory New),2.58,2.1920196,2.75,2.336455,237,USD,0.84962,Frankfurter 2026-05-07 (ECB),2026-05-08T02:11:30.664110+00:00,ok,
Negev | dev_texture (Factory New),3.45,2.9311890000000003,3.34,2.8377308,323,USD,0.84962,Frankfurter 2026-05-07 (ECB),2026-05-08T02:03:19.187097+00:00,ok,
P2000 | Acid Etched (Factory New),22.45,19.073969,22.75,19.328855,288,USD,0.84962,Frankfurter 2026-05-07 (ECB),2026-05-08T03:25:36.543131+00:00,ok,
P2000 | Amber Fade (Factory New),3.31,2.8122422,3.52,2.9906624,1310,USD,0.84962,Frankfurter 2026-05-07 (ECB),2026-05-08T02:13:47.264100+00:00,ok,
P2000 | Imperial Dragon (Battle-Scarred),11.02,9.3628124,10.88,9.243865600000001,122,USD,0.84962,Frankfurter 2026-05-07 (ECB),2026-05-08T03:41:34.185388+00:00,ok,
P2000 | Turf (Factory New),20.37,17.3067594,20.61,17.5106682,142,USD,0.84962,Frankfurter 2026-05-07 (ECB),2026-05-08T02:12:36.263695+00:00,ok,
P2000 | Urban Hazard (Factory New),4.71,4.0017102,4.77,4.0526874,188,USD,0.84962,Frankfurter 2026-05-07 (ECB),2026-05-08T01:55:25.914275+00:00,ok,
P2000 | Wicked Sick (Battle-Scarred),3.2,2.7187840000000003,3.13,2.6593106,295,USD,0.84962,Frankfurter 2026-05-07 (ECB),2026-05-08T02:28:09.697035+00:00,ok,
P2000 | Wicked Sick (Field-Tested),3.54,3.0076548,3.48,2.9566776000000003,1292,USD,0.84962,Frankfurter 2026-05-07 (ECB),2026-05-08T02:03:35.270498+00:00,ok,
P250 | Asiimov (Battle-Scarred),11.17,9.4902554,11.21,9.524240200000001,198,USD,0.84962,Frankfurter 2026-05-07 (ECB),2026-05-08T02:06:53.198135+00:00,ok,
P250 | Asiimov (Field-Tested),12.25,10.407845,12.35,10.492807,1245,USD,0.84962,Frankfurter 2026-05-07 (ECB),2026-05-08T02:10:39.123061+00:00,ok,
P250 | Cartel (Field-Tested),9.56,8.122367200000001,9.72,8.2583064,107,USD,0.84962,Frankfurter 2026-05-07 (ECB),2026-05-08T02:29:02.201711+00:00,ok,
P250 | Cyber Shell (Factory New),13.48,11.4528776,14.64,12.438436800000002,205,USD,0.84962,Frankfurter 2026-05-07 (ECB),2026-05-08T01:54:14.822073+00:00,ok,
P250 | Epicenter (Field-Tested),5.47,4.6474214,5.47,4.6474214,468,USD,0.84962,Frankfurter 2026-05-07 (ECB),2026-05-08T03:22:20.487364+00:00,ok,
P250 | Franklin (Factory New),6.06,5.1486972,6.34,5.3865908000000005,992,USD,0.84962,Frankfurter 2026-05-07 (ECB),2026-05-08T02:35:06.449309+00:00,ok,
P250 | Muertos (Factory New),35.47,30.1360214,35.21,29.9151202,368,USD,0.84962,Frankfurter 2026-05-07 (ECB),2026-05-08T02:30:29.497517+00:00,ok,
P250 | Nevermore (Factory New),3.64,3.0926168,3.63,3.0841206,888,USD,0.84962,Frankfurter 2026-05-07 (ECB),2026-05-08T02:47:14.776295+00:00,ok,
P250 | Red Tide (Factory New),2.38,2.0220956,2.64,2.2429968000000002,637,USD,0.84962,Frankfurter 2026-05-07 (ECB),2026-05-08T03:16:56.514120+00:00,ok,
P250 | Supernova (Factory New),4.77,4.0526874,4.74,4.027198800000001,716,USD,0.84962,Frankfurter 2026-05-07 (ECB),2026-05-08T02:22:38.950125+00:00,ok,
P250 | Valence (Factory New),3.03,2.5743486,3.08,2.6168296,288,USD,0.84962,Frankfurter 2026-05-07 (ECB),2026-05-08T01:59:47.475701+00:00,ok,
P250 | Verdigris (Factory New),4.41,3.7468242000000003,4.29,3.6448698000000004,305,USD,0.84962,Frankfurter 2026-05-07 (ECB),2026-05-08T01:57:30.294749+00:00,ok,
P250 | Visions (Field-Tested),3.65,3.1011130000000002,3.57,3.0331434,1731,USD,0.84962,Frankfurter 2026-05-07 (ECB),2026-05-08T02:12:53.492082+00:00,ok,
P250 | Visions (Minimal Wear),5.41,4.5964442000000005,5.33,4.5284746,719,USD,0.84962,Frankfurter 2026-05-07 (ECB),2026-05-08T02:08:53.800166+00:00,ok,
P90 | Ancient Earth (Factory New),4.84,4.1121608,5.02,4.2650923999999995,490,USD,0.84962,Frankfurter 2026-05-07 (ECB),2026-05-08T01:52:54.227181+00:00,ok,
P90 | Elite Build (Factory New),6.72,5.7094464,6.82,5.794408400000001,222,USD,0.84962,Frankfurter 2026-05-07 (ECB),2026-05-08T02:29:53.619220+00:00,ok,
P90 | Sand Spray (Factory New),1.97,1.6737514,1.91,1.6227742,122,USD,0.84962,Frankfurter 2026-05-07 (ECB),2026-05-08T02:21:29.401768+00:00,ok,
R8 Revolver | Bone Forged (Factory New),1.59,1.3508958000000002,1.57,1.3339034,415,USD,0.84962,Frankfurter 2026-05-07 (ECB),2026-05-08T02:14:20.076620+00:00,ok,
SCAR-20 | Bloodsport (Factory New),23.46,19.932085200000003,22.92,19.473290400000003,264,USD,0.84962,Frankfurter 2026-05-07 (ECB),2026-05-08T03:40:59.276687+00:00,ok,
SCAR-20 | Bloodsport (Minimal Wear),11.9,10.110478,11.51,9.7791262,289,USD,0.84962,Frankfurter 2026-05-07 (ECB),2026-05-08T02:36:35.011072+00:00,ok,
SG 553 | Cyrex (Field-Tested),4.79,4.0696798,4.7,3.9932140000000005,243,USD,0.84962,Frankfurter 2026-05-07 (ECB),2026-05-08T03:31:53.070412+00:00,ok,
SG 553 | Damascus Steel (Factory New),3.25,2.7612650000000003,3.42,2.9057004,268,USD,0.84962,Frankfurter 2026-05-07 (ECB),2026-05-08T01:53:26.488549+00:00,ok,
SG 553 | Dragon Tech (Factory New),2.67,2.2684854,2.59,2.2005158,833,USD,0.84962,Frankfurter 2026-05-07 (ECB),2026-05-08T03:19:18.758769+00:00,ok,
SG 553 | Integrale (Field-Tested),8.74,7.425678800000001,8.96,7.612595200000001,752,USD,0.84962,Frankfurter 2026-05-07 (ECB),2026-05-08T02:48:43.309662+00:00,ok,
SG 553 | Phantom (Factory New),4.2,3.568404,4.06,3.4494572,339,USD,0.84962,Frankfurter 2026-05-07 (ECB),2026-05-08T03:27:20.424957+00:00,ok,
SSG 08 | Abyss (Factory New),6.49,5.514033800000001,6.56,5.5735072,1065,USD,0.84962,Frankfurter 2026-05-07 (ECB),2026-05-08T02:18:30.442976+00:00,ok,
SSG 08 | Azure Glyph (Factory New),6.82,5.794408400000001,7.05,5.989821,217,USD,0.84962,Frankfurter 2026-05-07 (ECB),2026-05-08T02:13:28.051936+00:00,ok,
SSG 08 | Big Iron (Field-Tested),10.17,8.6406354,10.19,8.6576278,164,USD,0.84962,Frankfurter 2026-05-07 (ECB),2026-05-08T02:48:24.516449+00:00,ok,
SSG 08 | Fever Dream (Factory New),5.76,4.8938112,5.87,4.987269400000001,542,USD,0.84962,Frankfurter 2026-05-07 (ECB),2026-05-08T03:43:16.427663+00:00,ok,
SSG 08 | Hand Brake (Factory New),6.51,5.5310262,6.85,5.819897,405,USD,0.84962,Frankfurter 2026-05-07 (ECB),2026-05-08T01:57:12.003754+00:00,ok,
SSG 08 | Rapid Transit (Factory New),11.86,10.0764932,11.95,10.152959,377,USD,0.84962,Frankfurter 2026-05-07 (ECB),2026-05-08T02:51:07.101088+00:00,ok,
SSG 08 | Red Stone (Minimal Wear),11.81,10.034012200000001,11.85,10.067997,92,USD,0.84962,Frankfurter 2026-05-07 (ECB),2026-05-08T02:14:04.918154+00:00,ok,
SSG 08 | Turbo Peek (Field-Tested),16.39,13.9252718,16.91,14.367074200000001,407,USD,0.84962,Frankfurter 2026-05-07 (ECB),2026-05-08T03:26:31.679288+00:00,ok,
Sawed-Off | Kiss♥Love (Battle-Scarred),3.23,2.7442726,3.1,2.6338220000000003,215,USD,0.84962,Frankfurter 2026-05-07 (ECB),2026-05-08T02:45:30.037306+00:00,ok,
Sawed-Off | Kiss♥Love (Factory New),24.48,20.7986976,24.49,20.8071938,353,USD,0.84962,Frankfurter 2026-05-07 (ECB),2026-05-08T03:30:20.425428+00:00,ok,
Sawed-Off | Kiss♥Love (Field-Tested),3.83,3.2540446000000003,3.67,3.1181054,1089,USD,0.84962,Frankfurter 2026-05-07 (ECB),2026-05-08T03:20:16.982383+00:00,ok,
Sawed-Off | Kiss♥Love (Well-Worn),3.46,2.9396852,3.28,2.7867536,255,USD,0.84962,Frankfurter 2026-05-07 (ECB),2026-05-08T03:39:11.932198+00:00,ok,
Tec-9 | Bamboozle (Factory New),15.09,12.8207658,14.83,12.5998646,225,USD,0.84962,Frankfurter 2026-05-07 (ECB),2026-05-08T02:32:14.784659+00:00,ok,
Tec-9 | Brother (Factory New),7.79,6.618539800000001,7.88,6.6950056,401,USD,0.84962,Frankfurter 2026-05-07 (ECB),2026-05-08T01:58:23.791010+00:00,ok,
Tec-9 | Flash Out (Factory New),7.37,6.2616994,7.27,6.1767374,213,USD,0.84962,Frankfurter 2026-05-07 (ECB),2026-05-08T01:56:20.452668+00:00,ok,
Tec-9 | Fuel Injector (Battle-Scarred),9.94,8.4452228,10.03,8.5216886,137,USD,0.84962,Frankfurter 2026-05-07 (ECB),2026-05-08T02:33:37.941351+00:00,ok,
Tec-9 | Fuel Injector (Field-Tested),11.1,9.430782,11.13,9.456270600000002,901,USD,0.84962,Frankfurter 2026-05-07 (ECB),2026-05-08T02:27:30.357446+00:00,ok,
Tec-9 | Groundwater (Factory New),3.41,2.8972042000000005,3.54,3.0076548,356,USD,0.84962,Frankfurter 2026-05-07 (ECB),2026-05-08T01:55:10.006997+00:00,ok,
Tec-9 | Remote Control (Minimal Wear),6.84,5.8114008,7.09,6.0238058,295,USD,0.84962,Frankfurter 2026-05-07 (ECB),2026-05-08T03:36:25.718095+00:00,ok,
Tec-9 | Snek-9 (Factory New),12.42,10.5522804,12.83,10.9006246,189,USD,0.84962,Frankfurter 2026-05-07 (ECB),2026-05-08T02:08:20.853442+00:00,ok,
Tec-9 | Urban DDPAT (Factory New),4.55,3.865771,4.51,3.8317862,147,USD,0.84962,Frankfurter 2026-05-07 (ECB),2026-05-08T02:39:00.101377+00:00,ok,
UMP-45 | Continuum (Factory New),4.44,3.7723128000000004,4.51,3.8317862,349,USD,0.84962,Frankfurter 2026-05-07 (ECB),2026-05-08T03:26:47.631706+00:00,ok,
UMP-45 | Crimson Foil (Factory New),14.3,12.149566000000002,14.66,12.455429200000001,1534,USD,0.84962,Frankfurter 2026-05-07 (ECB),2026-05-08T02:47:30.547352+00:00,ok,
UMP-45 | K.O. Factory (Battle-Scarred),4.04,3.4324648,3.95,3.355999,213,USD,0.84962,Frankfurter 2026-05-07 (ECB),2026-05-08T03:31:33.006982+00:00,ok,
UMP-45 | K.O. Factory (Field-Tested),4.64,3.9422368,4.57,3.8827634000000004,1397,USD,0.84962,Frankfurter 2026-05-07 (ECB),2026-05-08T02:07:46.551392+00:00,ok,
UMP-45 | Neo-Noir (Field-Tested),5.88,4.9957656,5.79,4.9192998,307,USD,0.84962,Frankfurter 2026-05-07 (ECB),2026-05-08T03:41:50.947690+00:00,ok,
UMP-45 | Primal Saber (Field-Tested),12.11,10.2888982,11.79,10.0170198,528,USD,0.84962,Frankfurter 2026-05-07 (ECB),2026-05-08T01:59:16.311834+00:00,ok,
UMP-45 | Primal Saber (Minimal Wear),12.85,10.917617,12.64,10.7391968,410,USD,0.84962,Frankfurter 2026-05-07 (ECB),2026-05-08T02:02:08.279210+00:00,ok,
UMP-45 | Wild Child (Battle-Scarred),3.08,2.6168296,2.99,2.5403638,312,USD,0.84962,Frankfurter 2026-05-07 (ECB),2026-05-08T02:20:18.630802+00:00,ok,
UMP-45 | Wild Child (Factory New),23.08,19.6092296,23.15,19.668703,304,USD,0.84962,Frankfurter 2026-05-07 (ECB),2026-05-08T02:37:51.661563+00:00,ok,
UMP-45 | Wild Child (Minimal Wear),5.86,4.978773200000001,5.85,4.970277,783,USD,0.84962,Frankfurter 2026-05-07 (ECB),2026-05-08T03:29:00.963774+00:00,ok,
UMP-45 | Wild Child (Well-Worn),3.33,2.8292346000000004,3.25,2.7612650000000003,304,USD,0.84962,Frankfurter 2026-05-07 (ECB),2026-05-08T03:35:37.672046+00:00,ok,
USP-S | Black Lotus (Minimal Wear),2.9,2.463898,3.09,2.6253258,762,USD,0.84962,Frankfurter 2026-05-07 (ECB),2026-05-08T02:46:24.506523+00:00,ok,
USP-S | Cortex (Battle-Scarred),3.46,2.9396852,3.4,2.8887080000000003,292,USD,0.84962,Frankfurter 2026-05-07 (ECB),2026-05-08T02:30:10.543412+00:00,ok,
USP-S | Cortex (Field-Tested),3.8,3.228556,3.85,3.271037,2013,USD,0.84962,Frankfurter 2026-05-07 (ECB),2026-05-08T02:44:02.498293+00:00,ok,
USP-S | Cortex (Well-Worn),3.52,2.9906624,3.5,2.9736700000000003,340,USD,0.84962,Frankfurter 2026-05-07 (ECB),2026-05-08T02:41:09.480572+00:00,ok,
USP-S | Flashback (Factory New),4.69,3.9847178000000003,4.65,3.9507330000000005,473,USD,0.84962,Frankfurter 2026-05-07 (ECB),2026-05-08T02:05:39.096454+00:00,ok,
USP-S | Guardian (Factory New),9.24,7.850488800000001,9.13,7.757030600000001,1400,USD,0.84962,Frankfurter 2026-05-07 (ECB),2026-05-08T02:42:36.969451+00:00,ok,
USP-S | Guardian (Minimal Wear),3.52,2.9906624,3.48,2.9566776000000003,977,USD,0.84962,Frankfurter 2026-05-07 (ECB),2026-05-08T03:22:54.992395+00:00,ok,
USP-S | Jawbreaker (Battle-Scarred),3.22,2.7357764,3.24,2.7527688,602,USD,0.84962,Frankfurter 2026-05-07 (ECB),2026-05-08T02:35:58.501930+00:00,ok,
USP-S | Jawbreaker (Factory New),27.44,23.313572800000003,27.17,23.084175400000003,462,USD,0.84962,Frankfurter 2026-05-07 (ECB),2026-05-08T03:25:05.533680+00:00,ok,
USP-S | Jawbreaker (Field-Tested),3.97,3.3729914000000005,3.98,3.3814876000000003,1581,USD,0.84962,Frankfurter 2026-05-07 (ECB),2026-05-08T02:36:54.714785+00:00,ok,
USP-S | Jawbreaker (Minimal Wear),7.13,6.057790600000001,7.11,6.0407982,1023,USD,0.84962,Frankfurter 2026-05-07 (ECB),2026-05-08T03:40:07.302752+00:00,ok,
USP-S | Kill Confirmed (Field-Tested),70.64,60.0171568,69.74,59.2524988,524,USD,0.84962,Frankfurter 2026-05-07 (ECB),2026-05-08T03:19:57.985980+00:00,ok,
USP-S | Monster Mashup (Field-Tested),23.88,20.2889256,23.59,20.0425358,290,USD,0.84962,Frankfurter 2026-05-07 (ECB),2026-05-08T03:38:15.214734+00:00,ok,
USP-S | Printstream (Field-Tested),37.56,31.911727200000005,37.49,31.852253800000003,2937,USD,0.84962,Frankfurter 2026-05-07 (ECB),2026-05-08T02:34:30.186219+00:00,ok,
USP-S | Royal Guard (Factory New),9.69,8.2328178,10.45,8.878529,1127,USD,0.84962,Frankfurter 2026-05-07 (ECB),2026-05-08T02:09:29.126786+00:00,ok,
USP-S | Stainless (Minimal Wear),11.97,10.1699514,12.19,10.3568678,839,USD,0.84962,Frankfurter 2026-05-07 (ECB),2026-05-08T03:41:16.801299+00:00,ok,
USP-S | The Traitor (Battle-Scarred),30.12,25.590554400000002,29.35,24.936347,194,USD,0.84962,Frankfurter 2026-05-07 (ECB),2026-05-08T03:40:42.009947+00:00,ok,
USP-S | Ticket to Hell (Factory New),3.21,2.7272802,3.32,2.8207384,1176,USD,0.84962,Frankfurter 2026-05-07 (ECB),2026-05-08T02:29:35.414829+00:00,ok,
XM1014 | Entombed (Minimal Wear),4.42,3.7553204,4.29,3.6448698000000004,801,USD,0.84962,Frankfurter 2026-05-07 (ECB),2026-05-08T02:00:03.466934+00:00,ok,
XM1014 | Incinegator (Field-Tested),5.41,4.5964442000000005,5.31,4.5114822,632,USD,0.84962,Frankfurter 2026-05-07 (ECB),2026-05-08T02:46:08.779060+00:00,ok,
XM1014 | Solitude (Minimal Wear),4.04,3.4324648,4.97,4.2226114,1219,USD,0.84962,Frankfurter 2026-05-07 (ECB),2026-05-08T01:58:40.694275+00:00,ok,
XM1014 | XOXO (Battle-Scarred),3.44,2.9226928,3.34,2.8377308,168,USD,0.84962,Frankfurter 2026-05-07 (ECB),2026-05-08T03:38:32.821878+00:00,ok,
XM1014 | XOXO (Field-Tested),3.6,3.0586320000000002,3.58,3.0416396000000003,904,USD,0.84962,Frankfurter 2026-05-07 (ECB),2026-05-08T02:31:59.472384+00:00,ok,
