item,risk_pass,high_cv_pass,monitor_pass,pred_cv,pred_range_over_mean,cv_n_listings,cv_source,risk_rule_trend,risk_rule_price,risk_rule_liquidity,risk_rule_tail,risk_rule_listings,base_price,n_listings,avg_discount,median_discount,steam_sales_7d_n,steam_sales_7d_iqr_risk%,steam_sales_7d_downside_risk%,steam_sales_7d_tail_ratio,steam_turnover_proxy,steam_daily_ret_7d,steam_daily_slope_7d,steam_daily_ema_gap_3_14,steam_daily_range_14d_pct,steam_daily_downside_14d_pct,steam_discount_risk_score,risk_collected_at_utc,status,error,sort_by,collected_at_utc,currency,cap_hit,discount_sample_n,avg_ask,avg_predicted,key_trace,steam_sales_7d_mean,steam_sales_7d_median,steam_sales_7d_p10,steam_sales_7d_p25,steam_sales_7d_p75,steam_sales_7d_p90,steam_sales_7d_min,steam_sales_7d_max,steam_sales_7d_band_risk%,steam_daily_ret_3d,trade_days,steam_trade_currency,model_ready,has_summary,summary_ready,has_fit,fit_ready,monitor_pass_before_model_ready,tier,liquidity_score,liquidity_rank
P90 | Ancient Earth (Factory New),True,True,True,0.2284,0.6113828368163629,104,summary,True,True,True,True,True,6.25,50,0.294173782215557,0.3006427965004036,174,8.358315954118872,4.773852971845675,0.9520144120537176,3.48,0.041432584269663,-0.0087186484365326,0.0202981033234079,0.1903236682400538,0.1023263654753877,0.2594608127770632,2026-05-13T22:19:34.328093+00:00,ok,,best_deal,2026-04-18T14:34:34.614115+00:00,,True,8,7.26125,10.28125,1/1,6.1376,6.106,5.813,5.932,6.445,6.454,5.556,6.931,10.443821689259645,-0.0326157860404434,7,3,True,True,True,True,True,True,C,0.3387096774193548,104.0
Desert Eagle | The Bronze (Factory New),True,True,True,0.1707,0.5074824635097569,127,summary,True,True,True,True,True,16.89,50,0.1750663266161816,0.1689466887245544,135,4.555540993089855,9.716679697562688,0.904401956425078,2.7,-0.0033902782669953,-0.0068197273148139,0.0106752069543729,0.1555997349237906,0.127634194831014,0.0892635641218946,2026-05-13T22:23:46.131621+00:00,ok,,best_deal,2026-04-17T07:55:58.238657+00:00,,True,8,18.51375,22.45875,1/1,22.1269,22.49,20.34,21.969,22.977,23.054,17.094,23.157,12.265613348458206,0.0402352995243455,7,3,True,True,True,True,True,True,C,0.2532258064516129,116.0
XM1014 | Solitude (Minimal Wear),True,True,True,0.2415,4.5676826810158975,400,summary,True,True,True,True,True,4.58,50,0.1176704544301353,0.1161270161774957,118,5.266970806492669,7.577389227184626,0.9194756554307116,2.36,-0.0429042904290429,-0.0113685563807527,-0.0230040289099139,0.2288793103448274,0.032758620689655,0.0524233477060859,2026-05-13T22:34:57.614679+00:00,ok,,best_deal,2026-04-19T09:55:10.831535+00:00,,True,8,5.0975,5.7775,1/2,5.1073,4.806,4.419,4.6543,4.9233,5.118,3.126,24.937,13.686292170031145,-0.0513187487221428,7,3,True,True,True,True,True,True,C,0.23548387096774193,119.0
P250 | Valence (Factory New),True,True,True,0.1977,1.049649695222197,83,summary,True,True,True,True,True,4.17,50,0.0995574883803876,0.1042198350050447,180,3.137835148855844,6.224648587974188,0.937532002048131,3.6,-0.0217613927291348,-0.006392504752214,-0.0102171397450215,0.037948181104423,0.0,0.0505661591342772,2026-05-13T22:41:12.205363+00:00,ok,,best_deal,2026-04-18T14:29:10.078390+00:00,,True,8,5.33375,5.922499999999999,1/1,3.9199,3.906,3.662,3.836,3.959,4.042,3.223,7.471,9.694124850123725,-0.0217613927291348,7,3,True,True,True,True,True,True,C,0.3548387096774194,102.0
XM1014 | Entombed (Minimal Wear),True,True,True,0.2031,0.5174686882003955,269,summary,True,True,True,True,True,4.59,50,0.1080290574158938,0.1040963051165476,910,12.653360190441324,10.822193737410734,0.8941429339065019,18.2,0.0434220251293422,0.0046578781121589,0.0130086476719919,0.1607933415973082,0.094740570214273,0.0254731446158574,2026-05-13T22:38:32.988545+00:00,ok,,best_deal,2026-04-19T08:58:24.452853+00:00,,True,8,6.37375,7.13625,2/2,5.461,5.583,4.992,5.116,5.807,5.848,4.054,6.009,15.674784837941766,-0.0073826683072596,7,3,True,True,True,True,True,True,A,0.8064516129032258,31.0
M4A1-S | Player Two (Field-Tested),True,True,True,0.0883,0.3085028834188001,278,summary,True,True,True,True,True,58.88,50,0.1082003116532106,0.1024151881140538,221,6.925098924689724,7.103007696036929,0.9299540922249188,4.42,-0.0457420229852238,-0.0126267397567166,-0.0235984735960735,0.110860100836313,0.0335422869197048,0.051850220423609,2026-05-13T22:38:17.527273+00:00,ok,,best_deal,2026-04-17T22:14:24.192184+00:00,,True,8,67.24375,75.41624999999999,1/1,67.4503,68.398,63.607,64.789,69.46,72.753,0.717,81.117,13.559613522845712,-0.0373725445014115,7,3,True,True,True,True,True,True,C,0.4306451612903226,89.0
R8 Revolver | Phoenix Marker (Factory New),True,True,True,0.2193,0.7355534481272191,96,summary,True,True,True,True,True,24.56,50,0.0654413343876886,0.0799498285223097,51,3.39633321802573,3.86232843228346,0.9619811453496552,1.02,0.0147183456692465,-0.0052823789308759,0.018140961692711,0.1188785879339624,0.1032879534508197,0.0329250774537864,2026-05-13T22:55:25.058342+00:00,ok,,best_deal,2026-04-19T04:51:59.407390+00:00,,True,8,31.2975,33.59625,1/2,34.9789,35.535,34.184,34.714,35.902,36.137,24.841,42.742,5.583365972057448,0.0347122198536613,7,3,True,True,True,True,True,True,C,0.0064516129032258064,155.0
AWP | Black Nile (Factory New),True,True,True,0.202,0.5892615714967393,175,summary,True,True,True,True,True,41.5,50,0.0729867734597907,0.0798622254113746,194,4.4534228242355365,5.6434524292318775,0.9432471355925724,3.88,-0.0163460005640782,-0.0058306189173513,-0.0146046822062445,0.1287025032412488,0.073501545826269,0.0303206456075261,2026-05-13T22:50:27.021992+00:00,ok,,best_deal,2026-04-17T03:51:15.829466+00:00,,True,8,48.39625,52.25,1/1,39.4528,39.2315,37.005,38.467,40.224,41.5036,34.372,54.309,11.402486008597606,0.0244699872286078,7,3,True,True,True,True,True,True,C,0.3870967741935484,96.0
AK-47 | Uncharted (Factory New),True,True,True,0.1277,0.3782299565399233,135,summary,True,True,True,True,True,4.88,50,0.0900560783798933,0.0788292011019283,474,3.110646674281274,2.2843811514252943,0.977089934194492,9.48,-0.0480971281811815,-0.0079659770856217,-0.0368196140307803,0.126195732155997,0.0003679175864606,0.0876194925185945,2026-05-13T22:44:16.850556+00:00,ok,,best_deal,2026-04-17T01:45:03.620917+00:00,,True,8,5.28125,5.81,1/1,4.1149,4.103,4.009,4.069,4.197,4.252,3.419,4.503,5.905368295705837,-0.0063368267121617,7,3,True,True,True,True,True,True,B,0.6516129032258065,55.0
UMP-45 | Primal Saber (Minimal Wear),True,True,True,0.1313,0.38725529471463294,132,summary,True,True,True,True,True,13.37,50,0.0732641563890807,0.0733416827619507,78,5.864245036170544,8.095375122966452,0.919821043910522,1.56,-0.0455076603479616,-0.0016315325863267,-0.0041217889093437,0.1511256206216418,0.0465211181391552,0.0004752044656531,2026-05-13T22:50:11.181021+00:00,ok,,best_deal,2026-04-18T22:21:49.961036+00:00,,True,8,16.5875,17.90125,1/1,14.9431,15.0875,13.8778,14.7135,15.5898,16.241,5.022,17.079,15.814656931961904,-0.0946986023028139,7,3,True,True,True,True,True,True,C,0.10967741935483871,139.0
Negev | dev_texture (Factory New),True,True,True,0.265,0.7145122080118381,75,summary,True,True,True,True,True,3.8,50,0.0673852538583374,0.06882421505063,174,4.5200338942016725,5.180970826776419,0.9483839845634346,3.48,-0.0403685295187293,-0.005235234012072,-0.0186610873408912,0.0636685194542697,0.0,0.028601105870536,2026-05-13T22:53:57.463691+00:00,ok,,best_deal,2026-04-18T09:31:13.170722+00:00,,True,8,3.46,3.71,1/1,4.1305,4.146,3.932,4.0393,4.226,4.2761,3.026,5.24,8.33071056772787,-0.059857482185273,7,3,True,True,True,True,True,True,C,0.3387096774193548,103.0
P2000 | Wicked Sick (Field-Tested),True,True,True,0.2434,0.6499830623306232,400,summary,True,True,True,True,True,3.88,50,0.0732800275650087,0.0687768752986144,2252,4.708206058657359,2.939757929308011,0.9702602230483272,45.04,-0.0450922341152357,-0.0064216307995592,-0.0204036870871477,0.0667779632721202,0.0,0.0771451545710836,2026-05-13T22:49:53.476971+00:00,ok,,best_deal,2026-04-18T12:27:43.443711+00:00,,True,8,6.04,6.5175,1/1,4.3541,4.304,4.176,4.231,4.436,4.61,4.035,4.881,9.967616729059973,-0.0189518015910155,7,3,True,True,True,True,True,True,A,0.9741935483870968,5.0
AWP | POP AWP (Factory New),True,True,True,0.1456,0.7147696114338669,182,summary,True,True,True,True,True,65.15,50,0.0663371649136458,0.068500593384867,70,6.365983529864387,7.816313364417125,0.9229797165736096,1.4,0.0531234822331028,0.0033458602917231,0.025644866613492,0.1111831280849577,0.1111831280849577,-0.0042217438962933,2026-05-13T22:54:24.864184+00:00,ok,,best_deal,2026-04-17T04:50:53.367391+00:00,,True,8,80.41624999999999,86.16,1/1,76.4171,77.551,71.578,73.9323,78.797,80.228,63.401,81.208,11.31945598563671,0.1250911538677286,7,3,True,True,True,True,True,True,C,0.08387096774193549,143.0
M4A4 | The Emperor (Field-Tested),True,True,True,0.1272,0.44757771583346373,380,summary,True,True,True,True,True,58.98,50,0.0692197071216058,0.0666053024060042,215,4.701558961162579,5.104591694353147,0.9491789135044234,4.3,-0.0138362231163341,-0.0063286443018255,-0.0077349659791449,0.065734245208254,0.0231001790484019,0.0326593075700901,2026-05-13T22:52:20.565897+00:00,ok,,best_deal,2026-04-18T00:17:10.242722+00:00,,True,8,74.2675,79.79124999999999,1/1,68.0838,68.385,64.9096,66.041,69.242,71.6168,55.349,76.934,9.85138902352689,-0.0083248435453352,7,3,True,True,True,True,True,True,C,0.4241935483870968,91.0
AK-47 | Safety Net (Factory New),True,True,True,0.1324,0.4099973013658991,145,summary,True,True,True,True,True,27.02,50,0.0674804936082699,0.0590158930322864,166,4.324728593515759,4.671847173918149,0.9534394010294804,3.32,-0.043629932502596,-0.0097837914745941,-0.0183157210673919,0.0846919905671581,0.0126732606077057,0.0334716968053866,2026-05-13T22:53:40.367931+00:00,ok,,best_deal,2026-04-17T01:42:05.896681+00:00,,True,8,30.74375,32.965,1/1,29.8169,29.918,28.525,29.1337,30.4232,31.0125,26.123,36.737,8.342584239139551,-0.0118193401287554,7,3,True,True,True,True,True,True,C,0.3032258064516129,109.0
AWP | Hyper Beast (Battle-Scarred),True,True,True,0.2017,0.6485103634986278,109,summary,True,True,True,True,True,35.25,50,0.0624057388052759,0.0574476154356689,74,5.896947608653496,7.905688615311179,0.9220702837817968,1.48,-0.0318771848338913,-0.0120910122476021,-0.0168429539628062,0.0915965962174583,0.0431280458551121,-0.0087621137313115,2026-05-13T22:56:16.344474+00:00,ok,,best_deal,2026-04-17T04:41:19.405651+00:00,,True,8,46.3675,49.47625,1/1,40.2242,40.806,37.626,39.255,41.627,41.9233,36.85,41.993,10.68336971275998,-0.0457338377388495,7,3,True,True,True,True,True,True,C,0.09032258064516129,142.0
Five-SeveN | Monkey Business (Field-Tested),True,True,True,0.1719,0.6170957887107371,400,summary,True,True,True,True,True,12.9,50,0.0704896614787487,0.0573068978322424,376,4.666330108744588,4.325224106643383,0.9567825494205862,7.52,-0.0283491204330175,-0.0075450031309535,-0.0111636610539047,0.0551493628577397,0.0176867906134671,0.0458462123076488,2026-05-13T22:51:30.047659+00:00,ok,,best_deal,2026-04-17T12:05:33.543172+00:00,,True,8,16.9175,18.23375,1/1,14.6582,14.67,14.036,14.25,14.934,15.399,11.983,17.353,9.29854961727906,-0.0116991260064689,7,3,True,True,True,True,True,True,B,0.6129032258064516,61.0
P250 | Asiimov (Battle-Scarred),True,True,True,0.4469,3.75861835625296,74,summary,True,True,True,True,True,12.28,50,0.0486479344527947,0.0562927134847333,281,3.1107547477987176,3.897723729342067,0.9613316638432644,5.62,0.0105467873438551,-0.0033062216775573,0.0050401592038693,0.0435233160621762,0.0286454478164323,0.026087856948168,2026-05-13T23:08:24.387943+00:00,ok,,best_deal,2026-04-18T12:30:16.532567+00:00,,True,8,13.6225,14.39,1/1,13.4694,13.577,13.052,13.288,13.707,13.814,11.335,13.968,5.6572675843022,-0.0066176470588235,7,3,True,True,True,True,True,True,B,0.5080645161290323,77.0
R8 Revolver | Blaze (Factory New),True,True,True,0.1281,0.6054299498628323,400,summary,True,True,True,True,True,4.47,50,0.0520521737660503,0.0531673473511032,628,5.4664205594206985,2.2362629561266565,0.9771117166212532,12.56,-0.0453452421848162,-0.0182087867431392,-0.0214516847674469,0.138898884490824,0.0192515293270961,0.0523347379954046,2026-05-13T23:04:26.768416+00:00,ok,,best_deal,2026-04-19T03:57:02.085513+00:00,,True,8,5.0912500000000005,5.37,1/2,5.6344,5.505,5.379,5.472,5.78,6.095,5.046,6.74,12.707652988783192,-0.0055466094113437,7,3,True,True,True,True,True,True,B,0.6887096774193548,49.0
P250 | Visions (Minimal Wear),True,True,True,0.1864,0.5017461335613996,244,summary,True,True,True,True,True,5.63,50,0.0507297160330926,0.0495837412707886,617,4.076565876385036,3.67810455012184,0.9629629629629628,12.34,-0.0106870229007632,-0.0084759117391658,-0.0152693696779198,0.0841049382716049,0.0320987654320987,0.0364517871234848,2026-05-13T23:06:16.252707+00:00,ok,,best_deal,2026-04-18T14:31:29.700950+00:00,,True,8,8.1375,8.57375,1/1,6.5251,6.48,6.24,6.372,6.638,6.924,4.423,7.423,10.48259796784724,-0.0229191797346198,7,3,True,True,True,True,True,True,B,0.6790322580645162,51.0
P250 | Asiimov (Field-Tested),True,True,True,0.1666,0.6189778182247633,400,summary,True,True,True,True,True,12.7,50,0.0461533322196473,0.0456217807211184,329,4.056960819015983,5.118849892449688,0.9489996609020008,6.58,-0.0486435288546106,-0.0092495561842848,-0.0222401421276394,0.069691366804153,0.0,0.0125582174077914,2026-05-13T23:11:30.324360+00:00,ok,,best_deal,2026-04-18T12:30:20.439346+00:00,,True,8,14.5075,15.20875,1/1,14.6908,14.745,13.993,14.446,15.042,15.344,11.573,18.447,9.196231655185551,-0.0379694875829514,7,3,True,True,True,True,True,True,B,0.5483870967741935,71.0
AWP | Asiimov (Battle-Scarred),True,True,True,0.6937,1.9755470006389262,400,summary,True,True,True,True,True,79.68,50,0.0448032045710894,0.0428172446346376,76,7.085565721352828,3.2593241224289,0.9613505108840515,1.52,-0.0402811143423104,-0.0115275858013836,-0.0372257290878264,0.1483120162485589,0.0,0.0202379741624312,2026-05-13T23:12:48.984492+00:00,ok,,best_deal,2026-04-17T03:50:18.564730+00:00,,True,8,144.6575,149.8025,1/1,110.7745,93.4165,89.806,91.257,99.106,121.323,80.149,581.836,28.451493800468512,-0.0083395934720361,7,3,True,True,True,True,True,True,C,0.1,140.0
AWP | Atheris (Factory New),True,True,True,0.8492,10.996726008900417,168,summary,True,True,True,True,True,53.22,50,0.0534344715635785,0.0423369360311674,181,5.859124866595525,4.076840981856993,0.9592395653643008,3.62,0.0641012914113474,0.0041063578589097,0.0219132814992943,0.08725150960038,0.08725150960038,0.025958901256131,2026-05-13T23:01:50.816802+00:00,ok,,best_deal,2026-04-17T03:50:35.659411+00:00,,True,8,55.24375,58.3775,1/1,56.22,56.231,53.939,54.528,57.822,59.193,44.95,64.111,9.345428673070078,0.078802184832432,7,3,True,True,True,True,True,True,C,0.36774193548387096,99.0
P250 | Visions (Field-Tested),True,True,True,0.1439,0.42863165784419355,400,summary,True,True,True,True,True,3.71,50,0.0432374695836973,0.0414470554657026,1957,6.304337930720565,3.095270608584827,0.9685549132947976,39.14,-0.0442637759710929,-0.0108422116997293,-0.0183076876430576,0.0623818525519849,0.0,0.0443563108608783,2026-05-13T23:14:00.775788+00:00,ok,,best_deal,2026-04-18T14:31:24.022776+00:00,,True,8,4.5575,4.76375,1/1,4.3938,4.325,4.189,4.24,4.517,4.75,3.013,4.876,12.767991260412398,-0.0151268326739584,7,3,True,True,True,True,True,True,A,0.9483870967741935,9.0
R8 Revolver | Banana Cannon (Factory New),True,True,True,0.2036,0.6599800269202379,128,summary,True,True,True,True,True,7.31,50,0.0356733437500624,0.033659660236107,350,2.7741644322918,4.393533143964539,0.9556953553741132,7.0,-0.0409296320206584,-0.0071827841992168,-0.0305434239914517,0.0908723747980614,0.0010770059235325,0.0097998120502558,2026-05-13T23:20:52.707534+00:00,ok,,best_deal,2026-04-19T03:56:53.269841+00:00,,True,8,7.39125,7.66625,1/2,7.5338,7.471,7.14,7.424,7.633,7.736,5.428,10.291,7.911014361942181,-0.0062876254180601,7,3,True,True,True,True,True,True,B,0.5870967741935483,65.0
SG 553 | Darkwing (Factory New),True,True,True,0.2088,0.5541685425449188,46,summary,True,True,True,True,True,9.88,49,0.0166168539284726,0.0323054608760886,67,3.703102362991457,3.684368286956087,0.9626298454522422,1.3673469387755102,0.0182780789108785,-0.0023489491959082,-0.0380200872787506,0.2228274325328052,0.0425847982173804,-0.0127415907571201,2026-05-13T23:52:34.635046+00:00,ok,,best_deal,2026-04-18T17:35:53.680879+00:00,,False,8,9.76875,9.93375,1/1->1/1,8.0068,7.894,7.599,7.746,8.0425,8.1088,7.289,11.232,6.367087975221065,0.0384368170716029,7,3,True,True,True,True,True,True,C,0.07741935483870968,144.0
Glock-18 | Gold Toof (Field-Tested),True,True,True,0.1082,0.8883395983042753,197,summary,True,True,True,True,True,32.7,50,0.0346029714497254,0.0316534436619336,182,8.365190476678524,6.154236402209667,0.9389155921772082,3.64,0.028407318848113,-0.0109439587501604,-0.0042554827195847,0.1066996891505977,0.0602744572771615,-0.0136090329612736,2026-05-13T23:21:31.597300+00:00,ok,,best_deal,2026-04-17T18:28:44.138406+00:00,,True,8,39.20625,40.60375,1/1,39.0284,39.321,36.9191,37.2172,40.482,41.655,34.184,42.813,12.1344969304404,-0.0124168569752785,7,3,True,True,True,True,True,True,C,0.3741935483870968,98.0
M4A4 | Temukau (Minimal Wear),True,True,True,0.144,0.47006643847320967,311,summary,True,True,True,True,True,61.67,50,0.0317940070708653,0.03109333067008,371,5.28790628609141,3.5678930869493466,0.9638881157806848,7.42,-0.0461070787690496,0.0028474461115103,-0.0058860222146335,0.0501467057882102,0.0018110092515897,0.0146213180313648,2026-05-13T23:24:44.229029+00:00,ok,,best_deal,2026-04-18T00:14:47.551249+00:00,,True,8,82.28875,84.99625,1/1,72.732,71.86,69.265,70.488,74.334,74.943,63.596,102.364,7.806742561733484,-0.0052022596660777,7,3,True,True,True,True,True,True,B,0.6064516129032258,62.0
Sawed-Off | Devourer (Field-Tested),True,True,True,0.1458,0.39346068344120716,65,summary,True,True,True,True,True,4.6,50,0.0377475352505868,0.0310774959550775,192,11.91605505350574,10.351656764358346,0.8959344152584909,3.84,0.0164388020833332,-0.0102419837445345,0.0048360694211679,0.1167333867093673,0.1037630104083266,-0.0520721251601084,2026-05-13T23:18:22.074151+00:00,ok,,best_deal,2026-04-19T06:50:19.807215+00:00,,True,8,5.7125,5.938750000000001,1/2,6.0087,5.977,5.355,5.61,6.326,6.548,4.884,7.373,19.854544244179262,0.0608119585527433,7,3,True,True,True,True,True,True,C,0.38064516129032255,97.0
UMP-45 | Momentum (Minimal Wear),True,True,True,0.1538,0.4666530417603378,114,summary,True,True,True,True,True,5.71,50,0.0321253773206411,0.0305771531100478,237,10.29671955216521,10.52875830263654,0.895644674428633,4.74,0.0110449062636244,-0.0058575524589688,-0.0021303411687397,0.1601264913037228,0.0858128503665372,-0.0579839678577648,2026-05-13T23:23:53.416617+00:00,ok,,best_deal,2026-04-18T22:19:46.044586+00:00,,True,8,7.6825,7.93875,1/1,6.8954,6.957,6.231,6.551,7.261,7.488,4.911,7.569,18.229544333903767,-0.032271525942412,7,3,True,True,True,True,True,True,C,0.4435483870967742,87.0
AK-47 | Asiimov (Field-Tested),True,True,True,0.0941,0.38566691494698163,400,summary,True,True,True,True,True,43.59,50,0.0292555578484883,0.0291526480507544,629,5.572208131580967,4.370148336023365,0.9563404614734904,12.58,-0.0156304005530167,-0.0069518324100556,-0.0149995768918502,0.0828456616729088,0.0177902621722846,0.0082120698871443,2026-05-13T23:28:19.614585+00:00,ok,,best_deal,2026-04-17T00:33:32.182464+00:00,,True,8,49.83,51.3325,1/1,52.044,52.094,49.8196,50.509,53.409,54.166,46.202,57.421,8.351394973483966,-0.0387759693992351,7,3,True,True,True,True,True,True,B,0.6951612903225807,48.0
AUG | Syd Mead (Minimal Wear),True,True,True,0.1225,0.35570621140151165,88,summary,True,True,True,True,True,12.25,50,0.0319968378490547,0.0273554471718943,90,6.764655443450423,12.833338097007454,0.8746422837998186,1.8,0.0232147897262207,0.0038442384538626,0.0176876407467256,0.0786842286738845,0.0639266257499482,-0.0873933824941754,2026-05-13T23:24:31.696643+00:00,ok,,best_deal,2026-04-17T03:40:21.459156+00:00,,True,8,13.58125,14.03,1/1,13.9948,14.327,12.531,13.766,14.7127,15.0946,6.041,15.566,18.318232486352063,0.0182571448634225,7,3,True,True,True,True,True,True,C,0.14677419354838708,134.0
AK-47 | Emerald Pinstripe (Minimal Wear),True,True,True,0.3678,5.288734105450716,216,summary,True,True,True,True,True,4.77,50,0.0290824412696262,0.0268986935653601,313,8.604817194604143,5.0351332055762175,0.9481022463206816,6.26,-0.0476651811664405,-0.0123422436680242,-0.0397970395870609,0.1213631739572736,0.0,-0.0040501583721341,2026-05-13T23:28:34.551086+00:00,ok,,best_deal,2026-04-17T00:39:24.963692+00:00,,True,8,5.18625,5.34,1/1,5.3226,5.164,4.896,5.022,5.48,5.836,4.616,10.655,17.66054184045392,-0.0893088753010932,7,3,True,True,True,True,True,True,B,0.5290322580645161,74.0
SSG 08 | Abyss (Factory New),True,True,True,0.0999,0.5077425239858888,152,summary,True,True,True,True,True,8.36,50,0.0255702624586627,0.0240432848629897,86,7.6698497658293245,8.746426616385857,0.9091827712517369,1.72,-0.0467957883790458,-0.0094049632466498,-0.0282702874643268,0.1253238783581072,0.0,-0.0532026256245119,2026-05-13T23:32:05.156501+00:00,ok,,best_deal,2026-04-18T18:05:27.432133+00:00,,True,8,9.31625,9.56375,1/1,8.2205,7.917,7.198,7.4575,8.088,9.046,6.881,19.661,22.480384404841544,-0.0514810503169059,7,3,True,True,True,True,True,True,C,0.13548387096774195,135.0
M4A4 | Evil Daimyo (Factory New),True,True,True,0.1487,0.5698137325109535,400,summary,True,True,True,True,True,13.72,50,0.0233427774113545,0.0221038615856721,214,5.396067544274459,5.224461155940636,0.9474854339159766,4.28,-0.0325113753119037,-0.0073518080682252,-0.0174723937897904,0.1212546461351742,0.057574148524615,-0.0144491556973756,2026-05-13T23:36:23.758946+00:00,ok,,best_deal,2026-04-17T23:07:36.826852+00:00,,True,8,13.6325,13.95875,1/1,13.1114,13.044,12.359,12.655,13.3625,13.762,11.536,17.259,10.70061168143753,0.0109662576687117,7,3,True,True,True,True,True,True,C,0.41774193548387095,92.0
UMP-45 | Wild Child (Battle-Scarred),True,True,True,0.1382,0.5190839694656489,54,summary,True,True,True,True,True,3.5,50,0.0267173361192554,0.0217817680725692,1051,9.736848848233272,8.916903682066259,0.9109518935516888,21.02,-0.0476419634263713,-0.0024374983779303,-0.0018766458385905,0.1068721576553814,0.0568468923698838,-0.0355953544086925,2026-05-13T23:30:21.998562+00:00,ok,,best_deal,2026-04-18T22:23:47.085849+00:00,,True,8,3.37625,3.46875,1/1,3.9027,3.908,3.56,3.702,4.082,4.248,3.284,4.394,17.628821072590775,0.0429512516469039,7,3,True,True,True,True,True,True,A,0.8435483870967743,26.0
MP9 | Hydra (Minimal Wear),True,True,True,0.0988,0.8697332817935832,127,summary,True,True,True,True,True,12.85,50,0.0213373515046469,0.0185947461265386,109,8.9510635931192,7.269467581838768,0.9270662377732554,2.18,0.0472905418916216,0.0050115388319433,0.0202201794184555,0.1219729514717582,0.0806046141607001,-0.0413087819140521,2026-05-13T23:39:16.705625+00:00,ok,,best_deal,2026-04-18T07:31:43.848593+00:00,,True,8,13.23125,13.525,1/1,15.2831,15.233,14.122,14.583,15.951,16.523,13.215,17.665,15.710163513946776,0.0014978647460004,7,3,True,True,True,True,True,True,C,0.20322580645161292,125.0
Dual Berettas | Melondrama (Minimal Wear),True,True,True,0.1274,0.5159079980766149,221,summary,True,True,True,True,True,9.03,50,0.0203499587786411,0.0170450658619824,1105,4.2638139978952045,2.419416085319685,0.975553606665205,22.1,-0.0297766749379652,-0.0094778357510705,-0.0291421666615763,0.0841765817858333,0.0,0.0234280375232871,2026-05-13T23:43:00.594718+00:00,ok,,best_deal,2026-04-17T09:00:07.957196+00:00,,True,8,10.425,10.6375,1/1,9.2171,9.122,8.899,9.031,9.424,9.659,8.018,10.292,8.24554360916125,-0.0075046904315196,7,3,True,True,True,True,True,True,A,0.8629032258064516,22.0
AWP | Ice Coaled (Field-Tested),True,True,True,0.1066,0.6657805276840011,237,summary,True,True,True,True,True,8.68,50,0.0149482847169512,0.0167350363602462,1149,4.405784003615005,4.3544345397034,0.9564681724845996,22.98,-0.0297957149975086,-0.0026884480682672,-0.0216913290278151,0.095573130649137,0.0383627773212818,-0.0009990771048261,2026-05-13T23:56:44.109317+00:00,ok,,best_deal,2026-04-17T04:41:48.759675+00:00,,True,8,8.485,8.61375,1/1,9.7372,9.74,9.316,9.54,9.969,10.16,8.925,12.229,8.667789508277528,-0.0009235505387377,7,3,True,True,True,True,True,True,A,0.8758064516129033,20.0
UMP-45 | K.O. Factory (Minimal Wear),True,True,True,0.205,0.5437998995030986,195,summary,True,True,True,True,True,8.09,50,0.0270896712038139,0.0166483382209188,974,5.262386754902211,5.445532465629662,0.945596486948036,19.48,-0.0302251590797847,-0.0115380697959353,-0.0355165741173794,0.1923028391167192,0.0166561514195583,-0.0011390544064068,2026-05-13T23:30:08.023113+00:00,ok,,best_deal,2026-04-18T21:32:15.985423+00:00,,True,8,9.04375,9.30125,1/1,8.1902,8.198,7.752,7.869,8.3,8.617,6.186,9.806,10.561402651949903,-0.0178460775808652,7,3,True,True,True,True,True,True,A,0.8193548387096774,29.0
FAMAS | Rapid Eye Movement (Minimal Wear),True,True,True,0.0945,0.47685132047121676,228,summary,True,True,True,True,True,9.06,50,0.0170487685700289,0.0154020061578977,1058,3.441074307727263,2.910845876662376,0.9708748375920312,21.16,-0.0487624286016501,-0.007601478534913,-0.02860219505735,0.0788390970755031,0.0,0.0148517049245329,2026-05-13T23:51:28.109978+00:00,ok,,best_deal,2026-04-17T10:55:14.438995+00:00,,True,8,9.09,9.25,1/1,9.2413,9.236,8.967,9.07,9.388,9.515,7.864,10.158,5.929901637215544,-0.0174806074511089,7,3,True,True,True,True,True,True,A,0.85,25.0
MAC-10 | Disco Tech (Field-Tested),True,True,True,0.0955,0.9095283926852743,363,summary,True,True,True,True,True,5.81,50,0.0161585543605337,0.0150648301173142,669,4.454276404292847,5.207617111596076,0.9481701874442128,13.38,-0.040510461492803,-0.0055746495006493,-0.0042043561766823,0.0794927312094029,0.0176306835756263,-0.0127624390344897,2026-05-13T23:54:26.010672+00:00,ok,,best_deal,2026-04-18T01:54:10.555879+00:00,,True,8,5.975,6.07375,1/1,6.6902,6.722,6.3736,6.565,6.863,6.924,5.88,7.537,8.226958835311361,-0.0491176470588234,7,3,True,True,True,True,True,True,B,0.7032258064516129,47.0
AWP | Exoskeleton (Battle-Scarred),True,True,True,0.1654,0.6960515540997615,105,summary,True,True,True,True,True,4.75,50,0.0048204787155676,0.0137040708880089,332,3.81651510171286,4.802600343303749,0.952042304886944,6.64,0.0078347578347579,-0.003171238699087,,0.0604240282685513,0.0411660777385159,-0.025543657545956,2026-05-14T00:27:44.455748+00:00,ok,,best_deal,2026-04-17T03:57:51.697568+00:00,,True,8,5.52375,5.55375,1/1,5.4762,5.484,5.221,5.381,5.59,5.7068,4.915,5.922,8.871115006756513,0.0358711566617862,7,3,True,True,True,True,True,True,B,0.5548387096774193,70.0
Desert Eagle | Heat Treated (Minimal Wear),True,True,True,0.5113,6.631225517627309,400,summary,True,True,True,True,True,3.35,50,0.0101847221956384,0.0125817658289255,871,7.988017973040434,6.54018971542686,0.933180311145116,17.42,-0.0334375751744047,-0.0105353619265506,-0.0210772832591035,0.1478347436535589,0.0883524141363862,-0.0299113824414135,2026-05-14T00:10:59.643560+00:00,ok,,best_deal,2026-04-17T06:57:49.528463+00:00,,True,8,3.52125,3.5575,1/1,4.006,3.921,3.659,3.746,4.066,4.257,1.922,20.805,14.927608587119318,0.0479916536254563,7,3,True,True,True,True,True,True,B,0.7935483870967742,33.0
Dual Berettas | Royal Consorts (Field-Tested),True,True,True,0.1257,0.39819667254044905,72,summary,True,True,True,True,True,3.89,50,0.006722005722136,0.0122397792826686,200,3.303344958782491,3.804692454026636,0.9603141794129806,4.0,-0.049049352750809,-0.0074846131434356,,0.1236839306604275,0.0,-0.0173455187314099,2026-05-14T00:22:20.458563+00:00,ok,,best_deal,2026-04-17T09:05:55.145544+00:00,,True,8,4.75375,4.8,1/1,5.0464,4.838,4.646,4.753,4.9197,5.3387,4.035,16.511,13.726616994292968,-0.0385480572597135,7,3,True,True,True,True,True,True,C,0.3935483870967742,95.0
AK-47 | Head Shot (Battle-Scarred),True,True,True,0.1654,1.1751932457178047,71,summary,True,True,True,True,True,30.57,50,0.015888646186341,0.0119442334447933,405,7.344346494233354,3.751345935706011,0.9619673088149446,8.1,-0.0144915108900702,-0.0049471820380079,-0.0161692678227214,0.0881696104875431,0.025667797789959,-0.0024439853242972,2026-05-13T23:55:07.737303+00:00,ok,,best_deal,2026-04-17T00:42:53.838513+00:00,,True,8,31.52,32.045,1/1,34.7342,34.26,32.957,33.419,35.97,37.267,27.582,41.702,12.408519557093593,-0.016459379278868,7,3,True,True,True,True,True,True,B,0.6258064516129033,59.0
Tec-9 | Fuel Injector (Field-Tested),True,True,True,0.0873,0.9278198687633977,270,summary,True,True,True,True,True,11.71,50,0.0133608485794108,0.0117341061600629,248,5.610386514811805,4.823055321748075,0.9519284308994396,4.96,-0.0301204819277107,-0.0081965416480682,,0.0572808833678398,0.0,-0.0193647794432652,2026-05-14T00:00:46.960300+00:00,ok,,best_deal,2026-04-18T19:40:31.116905+00:00,,True,8,12.76,12.9275,1/1,13.4251,13.4695,12.822,13.057,13.8102,14.046,11.543,16.091,9.11725052327357,-0.0314171122994652,7,3,True,True,True,True,True,True,C,0.4532258064516129,86.0
Glock-18 | Shinobu (Battle-Scarred),True,True,True,3.2115,63.51727177398521,391,summary,True,True,True,True,True,4.62,50,0.0181687449062231,0.0117065662089358,1460,0.9405643386031738,1.7410446267760604,0.9825721153846154,29.2,-0.0197447147985641,-0.0027023160525566,-0.0141836351256409,0.0553407934893184,0.0,0.0303584374976055,2026-05-13T23:48:49.978673+00:00,ok,,best_deal,2026-04-17T19:22:30.705000+00:00,,True,8,56.55375,58.62375,1/1,4.997,4.992,4.905,4.962,5.009,5.088,3.431,5.756,3.6621973183910312,-0.0168033606721343,7,3,True,True,True,True,True,True,A,0.9161290322580645,14.0
P2000 | Wicked Sick (Battle-Scarred),True,True,True,0.1593,0.5909816204716032,79,summary,True,True,True,True,True,3.28,50,0.0129053455848946,0.0115694489203995,995,12.869077889056085,8.977219656478649,0.9103394661829488,19.9,-0.0145705521472392,0.0075933266967332,,0.1284046692607004,0.0645914396887159,-0.0504639252576708,2026-05-14T00:02:26.898819+00:00,ok,,best_deal,2026-04-18T12:27:34.716715+00:00,,True,8,3.35,3.39375,1/1,3.8542,3.859,3.513,3.599,4.095,4.184,2.874,4.206,17.409579160396458,0.0158102766798418,7,3,True,True,True,True,True,True,A,0.8258064516129032,28.0
USP-S | Cortex (Battle-Scarred),True,True,True,0.1262,0.4636825199461195,95,summary,True,True,True,True,True,3.72,50,0.0107655728335412,0.0107384291624025,765,3.376260068489839,2.8215887715236576,0.9715674362089916,15.3,-0.0205917159763312,-0.0007365722091042,,0.0396326727887867,0.0186080231996133,0.0067934372063837,2026-05-14T00:08:49.951804+00:00,ok,,best_deal,2026-04-18T22:26:40.363866+00:00,,True,8,3.68375,3.72375,1/1,4.1466,4.115,3.998,4.043,4.183,4.2944,3.752,4.658,7.148024887859938,0.0041252123271049,7,3,True,True,True,True,True,True,B,0.7274193548387097,43.0
AWP | Black Nile (Battle-Scarred),True,True,True,0.2208,1.2522483550010246,219,summary,True,True,True,True,True,3.59,50,0.0136358951514929,0.0103149865633099,250,9.54206602768902,6.986155484558046,0.9265315264867284,5.0,0.0009495548961422,-0.0103923862818608,-0.0165106275307918,0.1524961460927311,0.0048618522471244,-0.0406626346864146,2026-05-13T23:59:41.145242+00:00,ok,,best_deal,2026-04-17T03:51:11.385194+00:00,,True,8,4.3375,4.3975,1/1,4.695,4.4645,4.1365,4.2385,4.6865,5.102,3.935,11.557,20.56443024494144,-0.1286422814631123,7,3,True,True,True,True,True,True,C,0.4693548387096774,83.0
AK-47 | Crossfade (Factory New),True,True,True,0.2316,1.1036937319047706,355,summary,True,True,True,True,True,8.54,50,0.0104529167924365,0.0100748562895874,347,3.304257231573797,2.2164569374080787,0.9768976897689768,6.94,-0.0283328047362301,-0.0077732532598191,,0.092916984006093,0.0,0.0062847574668976,2026-05-14T00:09:52.883584+00:00,ok,,best_deal,2026-04-17T00:38:27.816367+00:00,,True,8,12.77875,12.91375,1/1,9.7904,9.393,9.176,9.2815,9.605,9.7754,8.467,124.699,6.122323909135472,-0.0130999677869644,7,3,True,True,True,True,True,True,B,0.5806451612903226,66.0
AK-47 | Nouveau Rouge (Battle-Scarred),True,True,True,0.1623,0.5531360269574338,68,summary,True,True,True,True,True,10.92,50,0.0208168528986733,0.0100182149362477,794,1.1157681745917052,1.5898251192368928,0.984128510965756,15.88,-0.0150253612785912,-0.002394566801657,-0.0193260216002478,0.0738437621453556,0.0,0.029466050552097,2026-05-13T23:40:14.018330+00:00,ok,,best_deal,2026-04-17T00:50:28.985374+00:00,,True,8,11.54375,11.79,1/1,10.3785,10.396,10.231,10.3302,10.446,10.497,9.833,13.157,2.562990798284916,-0.0146481570129248,7,3,True,True,True,True,True,True,B,0.7419354838709677,41.0
AK-47 | Emerald Pinstripe (Field-Tested),True,True,True,0.4367,7.573808345703447,322,summary,True,True,True,True,True,3.08,50,0.0096706573248716,0.008851170176763,800,4.425583510154589,3.986056380721429,0.9601454765873616,16.0,-0.0042708968883465,-0.0037982198971274,-0.0183363419607345,0.0768995098039215,0.0196078431372547,-0.0055809280547772,2026-05-14T00:13:04.128431+00:00,ok,,best_deal,2026-04-17T00:39:19.796292+00:00,,True,8,3.4825,3.515,1/1,3.299,3.2995,3.168,3.217,3.363,3.458,2.952,4.435,8.790542588663232,-0.0186410102224895,7,3,True,True,True,True,True,True,B,0.7483870967741936,40.0
Tec-9 | Fuel Injector (Battle-Scarred),True,True,True,0.101,0.4914875055065605,42,summary,True,True,True,True,True,11.1,41,0.007409310151552,0.0080112336159942,89,6.142283066088745,5.715954935537609,0.9423704529172968,2.1707317073170733,0.0068649885583522,0.0094539543097195,,0.1188995215311004,0.0650717703349281,-0.039727049292082,2026-05-14T00:20:27.393612+00:00,ok,,best_deal,2026-04-18T19:40:21.495549+00:00,,False,8,11.27625,11.3625,1/1->1/1,12.6663,12.563,11.839,12.13,12.908,13.723,9.506,19.893,14.874114777006705,-0.0150027491948786,7,3,True,True,True,True,True,True,C,0.1532258064516129,133.0
USP-S | Printstream (Field-Tested),True,True,True,0.1218,0.39298409183614,400,summary,True,True,True,True,True,38.93,50,0.0080978811703721,0.0075432839952503,687,7.410460607957543,6.998278533689834,0.9305358041437852,13.74,-0.033298085845616,-0.0115537505064013,,0.0885123671756407,0.0392668988302527,-0.0385149544960655,2026-05-14T00:17:06.067020+00:00,ok,,best_deal,2026-04-19T07:55:04.892710+00:00,,True,8,48.91,49.305,2/2,45.3683,45.707,42.532,43.64,47.002,48.05,39.321,49.579,12.162677464220614,-0.0398045141791524,7,3,True,True,True,True,True,True,B,0.7096774193548387,46.0
AWP | Printstream (Well-Worn),True,True,True,0.0897,1.0823866570845229,146,summary,True,True,True,True,True,46.76,50,0.0064690661164201,0.0065040669513493,484,8.600188490066655,6.195529286503023,0.9373680707426072,9.68,0.0516795366795366,-0.0055025651878468,-0.0061304871167972,0.1161040439084384,0.0651100464416175,-0.0349148016947593,2026-05-14T00:23:24.408709+00:00,ok,,best_deal,2026-04-17T04:53:02.558106+00:00,,True,8,45.9725,46.27125,1/1,53.1593,52.585,49.2915,51.0832,55.655,57.4389,46.621,58.982,15.326386916306268,0.0618677270335068,7,3,True,True,True,True,True,True,B,0.6580645161290323,54.0
AK-47 | The Oligarch (Field-Tested),True,True,True,0.0939,0.31692757877613587,214,summary,True,True,True,True,True,95.77,50,0.0080556675035951,0.0064681907546869,151,4.765592463245812,4.3116941092568135,0.9559877743817726,3.02,0.0161996859244566,0.0046153495562484,,0.1854751253897248,0.0381252541683611,-0.0229767525272836,2026-05-14T00:17:21.282983+00:00,ok,,best_deal,2026-04-17T01:44:14.253627+00:00,,True,8,99.8975,100.6925,1/1,73.4746,71.98,68.812,70.817,74.3185,78.087,67.963,93.636,12.623409994746492,0.0396364020716626,7,3,True,True,True,True,True,True,C,0.2806451612903226,112.0
MP9 | Airlock (Field-Tested),True,True,True,0.0757,0.303030303030303,101,summary,True,True,True,True,True,11.48,50,0.005759514094692,0.0054695152965112,180,6.690104282556784,8.433091540207382,0.9163970588235294,3.6,-0.0494327390599675,-0.0090086500786348,,0.0911415949779121,0.0,-0.0653162446737503,2026-05-14T00:25:19.438596+00:00,ok,,best_deal,2026-04-18T06:33:52.486003+00:00,,True,8,12.1775,12.2475,1/1,13.4826,13.6,12.463,13.087,13.989,14.53,11.326,14.745,15.330870900271462,-0.075583894540765,7,3,True,True,True,True,True,True,C,0.3548387096774194,101.0
USP-S | Jawbreaker (Battle-Scarred),True,True,True,0.1402,0.5114043162524292,150,summary,True,True,True,True,True,3.68,50,0.0047248936770972,0.0053908355795148,1436,5.236498886632244,2.8384760320062665,0.9713438735177864,28.72,-0.0106120434353403,0.0022535829270957,0.0027140450719245,0.0516338238962333,0.0097281117485657,0.0058011094588052,2026-05-14T00:28:16.246785+00:00,ok,,best_deal,2026-04-19T07:50:29.904825+00:00,,True,8,3.6925,3.71,2/2,4.0867,4.048,3.932,3.977,4.191,4.308,3.242,4.496,9.200577483054785,0.009823677581864,7,3,True,True,True,True,True,True,A,0.9096774193548387,15.0
SCAR-20 | Bloodsport (Minimal Wear),True,True,True,0.0975,0.3329471964158312,45,summary,True,True,True,True,True,12.26,47,0.0150077073671199,0.0047983212213396,110,8.599741028238661,8.842610918410475,0.9119278316070832,2.3404255319148937,-0.0302020134675645,-0.0086121387947223,-0.0074776466123896,0.1298982538154819,0.0623882854392959,-0.0629423659275145,2026-05-13T23:56:27.230977+00:00,ok,,best_deal,2026-04-19T04:56:11.076284+00:00,,False,8,14.13,14.35,1/2->2/2,14.9051,14.965,13.647,14.3652,15.647,16.026,11.726,16.544,15.96097979886079,-0.0207351555136663,7,3,True,True,True,True,True,True,C,0.21693548387096775,122.0
USP-S | Jawbreaker (Field-Tested),True,True,True,0.1219,0.8941376837576194,400,summary,True,True,True,True,True,4.3,50,0.0057896292558697,0.0041736227045074,3578,4.536171549760425,3.2401225355431635,0.967333201346268,71.56,-0.0197628458498022,-0.0078991919695383,-0.0260489148033078,0.0901209677419355,0.0074596774193548,0.0106023493814788,2026-05-14T00:25:06.686473+00:00,ok,,best_deal,2026-04-19T07:50:35.357484+00:00,,True,8,4.54625,4.57375,2/2,5.0924,5.051,4.886,4.958,5.189,5.349,4.821,5.623,9.091980205796876,-0.014700039729837,7,3,True,True,True,True,True,True,A,1.0,1.0
AK-47 | Slate (Minimal Wear),True,True,True,0.1659,2.8775467338794374,400,summary,True,True,True,True,True,7.37,50,0.007407549268396,0.0040650406504065,2039,8.475904693658203,4.568255105696896,0.9538200339558572,40.78,-0.0323620996441281,-0.011996021406252,-0.0231857384308689,0.0956211929663257,0.0179289736811861,-0.0058556330756871,2026-05-14T00:20:39.663504+00:00,ok,,best_deal,2026-04-17T01:43:08.326492+00:00,,True,8,8.20625,8.28625,1/1,8.9312,8.835,8.427,8.578,9.335,9.522,8.181,9.98,12.26039054102473,-0.0030934922089824,7,3,True,True,True,True,True,True,A,0.9612903225806452,7.0
AK-47 | Ice Coaled (Battle-Scarred),True,True,True,0.1161,1.0828300258843833,154,summary,True,True,True,True,True,4.41,50,0.0141060214206922,0.0033860045146726,1608,4.76424663429028,4.385156041884397,0.9559580160526856,32.16,0.0416580310880827,0.0004292255957342,-0.0008027481123397,0.0805809789096695,0.0785913251094308,0.0006667514394129,2026-05-13T23:58:56.285165+00:00,ok,,best_deal,2026-04-17T00:44:09.512204+00:00,,True,8,4.48,4.5425,1/1,4.8801,4.859,4.645,4.75,4.9825,5.107,4.298,5.393,9.4670191184607,0.0311858842839556,7,3,True,True,True,True,True,True,A,0.9290322580645162,12.0
Tec-9 | Urban DDPAT (Factory New),True,True,True,0.1285,0.3633156966490299,52,summary,True,True,True,True,True,6.53,46,0.0164033249685094,0.0030674846625766,126,2.503291431457064,3.94971774848052,0.9607667502687208,2.739130434782609,-0.0278365045806906,-0.004265907954308,-0.0097224965554207,0.0463030083363538,0.0070677781805001,-0.0116384402117763,2026-05-13T23:53:35.940536+00:00,ok,,best_deal,2026-04-18T20:33:41.873651+00:00,,False,8,6.84625,6.97875,1/1->1/1,5.5447,5.582,5.363,5.5072,5.646,5.676,4.302,5.761,5.645030389380845,0.0071180872421974,7,3,True,True,True,True,True,True,C,0.24999999999999997,117.0
AWP | Duality (Battle-Scarred),True,True,True,0.1602,1.1071418832319817,167,summary,True,True,True,True,True,3.42,50,0.0093002915451895,0.0029154518950437,1280,5.102170326183527,3.680670135804037,0.9629818738830738,25.6,0.0080746908907394,-0.0027997387162557,-0.0060711412076491,0.0588235294117647,0.0460575719649562,0.0009912229197704,2026-05-14T00:14:38.436612+00:00,ok,,best_deal,2026-04-17T03:56:30.469660+00:00,,True,8,3.4325,3.465,1/1,3.9395,3.917,3.772,3.831,4.032,4.1551,3.404,4.361,9.72458433811398,0.032833505687694,7,3,True,True,True,True,True,True,A,0.8887096774193548,18.0
AK-47 | Redline (Field-Tested),True,True,True,0.334,2.1675570977454655,400,summary,True,True,True,True,True,32.94,50,0.0048669361101827,0.0029011830428964,617,2.5871208325201924,1.416191526058449,0.985489231766963,12.34,0.0460023053547102,0.0056682603919682,0.0155456783865719,0.0834502103786814,0.0834502103786814,0.0132081374412088,2026-05-14T00:27:07.770048+00:00,ok,,best_deal,2026-04-17T01:41:17.496518+00:00,,True,8,32.6075,32.7675,1/1,37.9186,37.007,36.47,36.641,37.622,40.255,34.151,86.423,9.981908614769544,0.0832632464255676,7,3,True,True,True,True,True,True,B,0.6790322580645162,50.0
Nova | Moon in Libra (Factory New),True,True,True,0.2346,0.6671239924541242,82,summary,True,True,True,True,True,9.65,50,0.0191193032582404,0.0025161036713736,52,7.506820969370295,6.417134608805948,0.9321482134980148,1.04,-0.0328085669183838,-0.0154309168349594,-0.0096114519855439,0.1236876929863256,0.0656374062637848,-0.0388594394813011,2026-05-13T23:46:13.715423+00:00,ok,,best_deal,2026-04-18T10:28:09.137595+00:00,,True,8,10.57125,10.83875,1/1,11.9851,11.335,10.5659,11.0738,11.9735,12.0759,10.405,29.918,12.598977063186805,-0.0267880140808791,7,3,True,True,True,True,True,True,C,0.012903225806451613,154.0
AK-47 | Slate (Battle-Scarred),True,True,True,0.1461,0.6837530444886377,400,summary,True,True,True,True,True,4.16,50,0.0029289446603713,0.0024009638443091,2091,5.6224044297731925,3.492705782131822,0.9646627881922,41.82,-0.013392857142857,-0.009509032979437,-0.023573259243601,0.1008403361344537,0.0305968541262659,0.0006348200982214,2026-05-14T00:37:13.249292+00:00,ok,,best_deal,2026-04-17T01:42:54.010609+00:00,,True,8,4.3375,4.35,1/1,4.6955,4.641,4.477,4.561,4.825,4.96,4.369,5.232,10.286444468107756,-0.0017208001720799,7,3,True,True,True,True,True,True,A,0.967741935483871,6.0
M4A1-S | Electrum (Minimal Wear),True,True,True,0.101,1.333796758917322,181,summary,True,True,True,True,True,5.71,50,0.0039404553415061,0.0017513134851138,2455,9.002704594027197,9.28640326820872,0.907862638393695,49.1,0.052278820375335,0.0057995413105613,-0.0084090192519057,0.1130118289353957,0.0525932666060054,-0.0549268228232361,2026-05-14T00:32:22.078561+00:00,ok,,best_deal,2026-04-17T21:22:25.702448+00:00,,True,8,5.6875,5.71,1/1,5.2873,5.329,4.838,5.046,5.522,5.707,4.62,6.139,16.435609857583263,0.0269108577835919,7,3,True,True,True,True,True,True,A,0.9806451612903225,4.0
M4A4 | Hellish (Battle-Scarred),True,True,True,0.1634,0.4585288339532695,35,summary,True,True,True,True,True,22.34,34,0.0182385050663091,0.0015100037750094,204,6.623788467551027,4.147734886043875,0.9583188819749056,6.0,0.0674586156617205,0.012396082650017,0.0252398925922143,0.0997951066650597,0.0700253103531396,-0.0063368829938445,2026-05-13T23:48:38.883601+00:00,ok,,best_deal,2026-04-17T23:12:57.497105+00:00,,False,8,25.375,25.91,1/1->1/1,24.6279,24.5075,23.486,23.8095,25.4408,25.824,21.37,29.921,9.493298251170424,0.004803810754077,7,3,True,True,True,True,True,True,C,0.42983870967741944,90.0
USP-S | Cortex (Well-Worn),True,True,True,0.1362,1.6474464579901154,145,summary,True,True,True,True,True,3.77,50,0.0029992031746486,0.0013227513227512,864,6.560668674558161,4.716210221568489,0.9526488513830286,17.28,-0.0350753295668549,-0.0103236090236357,-0.0146841695503934,0.0751402781166137,0.0,-0.01892337521308,2026-05-14T00:36:46.609254+00:00,ok,,best_deal,2026-04-18T22:26:49.389629+00:00,,True,8,3.73375,3.745,1/1,4.2831,4.266,4.064,4.137,4.418,4.488,3.604,4.682,9.899371950222978,-0.0295928030303029,7,3,True,True,True,True,True,True,B,0.7806451612903226,35.0
R8 Revolver | Grip (Factory New),True,True,True,0.1855,0.5253260902008775,37,summary,True,True,True,True,True,3.07,29,0.0036908958911538,0.0012562814070352,91,3.8827702072055126,7.504200112002988,0.9260485651214128,3.1379310344827585,-0.0455192034139401,-0.0075943049985102,,0.1404619970193739,0.0119225037257824,-0.0590154402659027,2026-05-14T00:33:53.241269+00:00,ok,,best_deal,2026-04-19T04:00:38.544743+00:00,,False,8,3.77625,3.7925,2/2->1/2,2.6785,2.718,2.517,2.648,2.752,2.795,2.025,3.112,10.378943438491692,-0.0150458715596328,7,3,True,True,True,True,True,True,C,0.19274193548387095,127.0
Tec-9 | Whiteout (Minimal Wear),True,True,True,0.2956,3.548655392292764,400,summary,True,True,True,True,True,31.85,50,0.0010397298058103,0.001233045622688,171,5.175914652616682,4.762584107391675,0.951488972051915,3.42,-0.0167748377433849,-0.0063204894241632,,0.1376459835482887,0.0257337260079211,-0.0336776658811246,2026-05-14T00:42:54.566085+00:00,ok,,best_deal,2026-04-18T20:34:40.615948+00:00,,True,8,32.4525,32.48625,1/1,51.1697,50.236,47.799,48.3325,50.981,51.656,45.163,157.744,7.5376638909354545,-0.0246052657646056,7,3,True,True,True,True,True,True,C,0.3225806451612903,106.0
AK-47 | Searing Rage (Battle-Scarred),True,True,True,0.0987,0.4770642201834862,221,summary,True,True,True,True,True,4.67,50,0.0122819576473011,0.0010799136069113,1544,4.959047212568335,3.2111863097778484,0.9677419354838712,30.88,0.0064568200161421,-0.0003463598865469,,0.0619486768243785,0.027064955894146,0.0102404608040041,2026-05-14T00:03:55.555686+00:00,ok,,best_deal,2026-04-17T01:42:30.983310+00:00,,True,8,4.72125,4.7875,1/1,4.9203,4.898,4.74,4.8,5.044,5.133,3.598,5.522,7.987317846472772,0.0225502255022551,7,3,True,True,True,True,True,True,A,0.9225806451612903,13.0
AK-47 | Slate (Factory New),True,True,True,0.1972,1.8380264545970948,400,summary,True,True,True,True,True,19.8,50,0.0031166851361502,0.0009722377284061,352,5.790430460859545,6.552556468571487,0.934169143005878,7.04,0.0155253083794129,-0.0034605757306591,0.0114980659415993,0.0980523560209424,0.0980523560209424,-0.0443037585745956,2026-05-14T00:36:00.713124+00:00,ok,,best_deal,2026-04-17T01:42:58.587749+00:00,,True,8,21.69,21.76125,1/1,23.1589,23.0515,21.534,22.363,23.704,24.8553,19.062,33.021,14.34135472755615,0.0148346510243986,7,3,True,True,True,True,True,True,B,0.5935483870967742,64.0
M4A1-S | Nitro (Factory New),True,True,True,0.0928,1.2853150601025956,290,summary,True,True,True,True,True,22.72,50,-0.0013549604133586,0.0002215330084182,125,7.339321717179997,6.99100103266838,0.9293932621471732,2.5,-0.0236776408176002,-0.0080483065917368,,0.1458308362299733,0.1028007511286907,-0.0603836098530368,2026-05-14T00:57:18.223977+00:00,ok,,best_deal,2026-04-17T22:13:09.250564+00:00,,True,8,23.1325,23.09125,1/1,24.4028,24.162,22.456,23.101,24.892,25.181,21.37,69.248,11.16675135640173,0.0168396676755571,7,3,True,True,True,True,True,True,C,0.24193548387096775,118.0
AK-47 | Slate (Well-Worn),True,True,True,0.4365,8.232033906199058,400,summary,True,True,True,True,True,4.2,50,0.0017786583512512,0.0,3059,5.511154495353139,5.307790860838267,0.9469512195121952,61.18,-0.025574940523394,-0.0106045218005614,-0.0239795869521584,0.1180061037639878,0.0484231943031537,-0.015426235902988,2026-05-14T00:40:23.983813+00:00,ok,,best_deal,2026-04-17T01:43:13.806924+00:00,,True,8,4.23125,4.23875,1/1,4.9173,4.92,4.659,4.764,5.035,5.156,4.524,5.42,10.107172635389338,-0.0018277822908205,7,3,True,True,True,True,True,True,A,0.9935483870967742,2.0
Glock-18 | Shinobu (Minimal Wear),True,True,True,0.1221,1.1402270513151878,295,summary,True,True,True,True,True,10.05,50,-0.0003760192166274,0.0,1126,6.419565800549464,4.939550630393968,0.9505189028910304,22.52,-0.047906285514468,-0.0094272828070353,-0.0144391710094905,0.0958589661188137,0.0455421907997429,-0.022342779172485,2026-05-14T00:50:57.050722+00:00,ok,,best_deal,2026-04-17T19:22:46.867779+00:00,,True,8,10.09875,10.095,1/1,10.8107,10.792,10.258,10.446,11.14,11.414,9.403,12.027,10.693109604373449,0.0297844175491679,7,3,True,True,True,True,True,True,A,0.8693548387096774,21.0
AWP | Printstream (Field-Tested),True,True,True,0.1686,2.0285755468271414,400,summary,True,True,True,True,True,56.01,50,0.0003111876946698,0.0,833,4.711822329575961,5.231816961889425,0.9478750605812456,16.66,-0.0310502726404866,-0.0047105871236078,-0.0155184076947572,0.0747445060450203,0.0325128581925055,-0.0270671679393934,2026-05-14T00:46:21.075051+00:00,ok,,best_deal,2026-04-17T04:52:53.131131+00:00,,True,8,61.9375,61.94625,1/1,59.616,59.837,56.718,58.019,60.828,62.636,54.313,72.666,9.926865271068168,0.0081142049089255,7,3,True,True,True,True,True,True,B,0.7677419354838709,37.0
M4A1-S | Black Lotus (Factory New),True,True,True,0.2567,1.5182848616528362,400,summary,True,True,True,True,True,20.15,50,-0.0017890674535433,0.0,699,1.725946283241064,1.5754791713687717,0.9841925314151236,13.98,-0.0193556882022472,-0.0033483552279651,-0.0127500531525921,0.0428769637022782,0.0008056214474332,0.0059663771000379,2026-05-14T00:59:17.325322+00:00,ok,,best_deal,2026-04-17T21:17:08.343024+00:00,,True,8,20.4475,20.41125,1/1,22.5963,22.521,22.165,22.345,22.735,22.9466,20.506,30.098,3.458973371746706,-0.0025669069886833,7,3,True,True,True,True,True,True,B,0.7161290322580646,45.0
USP-S | Black Lotus (Minimal Wear),True,True,True,0.0838,1.1632825719120135,223,summary,True,True,True,True,True,3.08,50,0.0003845401430184,0.0,473,6.077818801476853,4.402158477705192,0.9553571428571428,9.46,0.0254332029066517,0.0108880276594434,0.0148598580535697,0.089125102207686,0.0645952575633687,-0.0232464109434084,2026-05-14T00:46:07.194318+00:00,ok,,best_deal,2026-04-18T22:24:55.329956+00:00,,True,8,3.1925,3.19375,1/1,3.521,3.472,3.317,3.421,3.635,3.753,3.045,4.309,12.382845782448166,0.0567396313364054,7,3,True,True,True,True,True,True,B,0.6451612903225806,56.0
AK-47 | Inheritance (Battle-Scarred),True,True,True,0.0947,1.0132305392187768,174,summary,True,True,True,True,True,42.75,50,0.0042440428190542,0.0,355,2.45280214062732,2.193332162114673,0.9780279783393504,7.1,0.0242915429854695,0.0027699270589078,0.0089591596335096,0.0466928603989841,0.0466928603989841,0.0004804215754804,2026-05-14T00:30:24.192699+00:00,ok,,best_deal,2026-04-17T00:44:41.463132+00:00,,True,8,42.935,43.1175,1/1,44.3982,44.32,43.3462,43.891,44.98,45.721,39.321,50.14,5.348865494547061,0.0409210050614605,7,3,True,True,True,True,True,True,B,0.6,63.0
Galil AR | Tuxedo (Factory New),True,True,True,0.4232,5.647840531561462,286,summary,True,True,True,True,True,3.97,50,0.0005979927829125,0.0,343,9.8914985402414,7.451305067758936,0.924469964664311,6.86,0.0620155038759691,0.0066363379647573,0.0153765049987701,0.1635239253852392,0.1382806163828062,-0.0560066069738886,2026-05-14T00:45:07.605096+00:00,ok,,best_deal,2026-04-17T18:13:39.172683+00:00,,True,8,4.245,4.2475000000000005,1/1,4.5898,4.528,4.186,4.29,4.744,4.998,3.853,9.454,17.691402675497848,0.1130670277589709,7,3,True,True,True,True,True,True,B,0.5741935483870968,67.0
Five-SeveN | Heat Treated (Minimal Wear),True,True,True,0.1867,3.460552988752946,400,summary,True,True,True,True,True,9.21,50,0.0019855357829283,0.0,339,4.78228821612212,7.637451932897002,0.9180093431213652,6.78,-0.0243212669683259,-0.0105779846939518,-0.0231958253430963,0.1019806763285024,0.0617391304347825,-0.0565693916062479,2026-05-14T00:39:16.351965+00:00,ok,,best_deal,2026-04-17T12:01:14.028631+00:00,,True,8,9.44875,9.4675,1/1,11.2603,10.489,9.629,10.082,10.6205,10.813,8.557,49.633,10.514817544825634,-0.0024096385542169,7,3,True,True,True,True,True,True,B,0.567741935483871,68.0
M4A1-S | Decimator (Minimal Wear),True,True,True,0.1078,1.2155431370752712,292,summary,True,True,True,True,True,20.45,50,-0.0022247251576531,0.0,336,7.355995992081922,5.881538323680112,0.940497774847536,6.72,0.0741138560687433,-0.0018269184806325,0.0162647248132663,0.092576923076923,0.092576923076923,-0.0432877623877395,2026-05-14T01:00:00.005403+00:00,ok,,best_deal,2026-04-17T21:21:55.256895+00:00,,True,8,20.70375,20.65875,1/1,24.5514,24.268,22.824,23.659,25.465,26.1795,21.077,30.102,13.667245045089077,0.0785696507093669,7,3,True,True,True,True,True,True,B,0.5612903225806452,69.0
M4A1-S | Basilisk (Minimal Wear),True,True,True,1.1488,17.36496718828874,228,summary,True,True,True,True,True,10.63,50,-0.0011852294913855,0.0,299,5.579497924553769,4.71439796185623,0.952582421968548,5.98,-0.0154333522865729,-0.0063039417203111,-0.0111177621995406,0.0879465390644335,0.010560184803234,-0.0314521006574845,2026-05-14T00:56:21.098971+00:00,ok,,best_deal,2026-04-17T21:16:48.743822+00:00,,True,8,11.02,11.00625,1/1,12.5997,12.527,11.933,12.116,12.819,13.3604,9.063,20.65,11.328841162884832,-0.0035350213745477,7,3,True,True,True,True,True,True,B,0.5145161290322581,76.0
MAC-10 | Cat Fight (Factory New),True,True,True,0.1876,0.6482307463574188,170,summary,True,True,True,True,True,5.0,50,0.0023440090564399,0.0,172,1.8090880068106896,1.6671987513745576,0.982736455463728,3.44,-0.0348687832629839,-0.0054757350916916,-0.0269505014119131,0.1194143373264877,0.0,-0.0013803190550132,2026-05-14T00:38:48.381343+00:00,ok,,best_deal,2026-04-18T00:30:33.862438+00:00,,True,8,4.9325,4.945,1/1,5.6382,5.445,5.351,5.377,5.479,5.602,4.616,13.449,4.45177538930865,-0.0392765801972962,7,3,True,True,True,True,True,True,C,0.32903225806451614,105.0
SSG 08 | Big Iron (Field-Tested),True,True,True,0.0912,0.44525416946901525,70,summary,True,True,True,True,True,10.72,50,0.01289885418972,0.0,154,4.740832188624793,6.955191180817588,0.9305495268686518,3.08,-0.0474339035769828,-0.0080697590850281,,0.0707482993197278,0.0,-0.0444398543566582,2026-05-14T00:02:42.980453+00:00,ok,,best_deal,2026-04-18T18:07:04.280680+00:00,,True,8,12.32625,12.49875,1/1,11.5022,11.519,10.719,11.216,11.7613,12.08,9.83,13.827,11.832518996365918,-0.0428856671586075,7,3,True,True,True,True,True,True,C,0.2887096774193549,111.0
SG 553 | Integrale (Field-Tested),True,True,True,0.1958,0.605766900896535,129,summary,True,True,True,True,True,8.52,50,0.0042877155648406,0.0,82,8.04516453059023,5.212150523633249,0.9457791108315998,1.64,-0.0167829530454458,-0.0030157064168342,,0.1127253548139623,0.0520233985423859,-0.0394017111340952,2026-05-14T00:30:09.722439+00:00,ok,,best_deal,2026-04-18T17:43:35.578286+00:00,,True,8,11.37,11.4225,1/1,10.7518,10.3355,9.7751,10.061,10.926,11.701,9.258,21.473,17.912349560073668,0.0337546468401488,7,3,True,True,True,True,True,True,C,0.12258064516129032,137.0
Glock-18 | Green Line (Factory New),True,True,True,0.1718,0.6233169999558557,400,summary,True,True,True,True,True,10.26,50,-0.0024487255672541,-0.0008424599831509,263,4.753054582318099,5.984669286997351,0.939870448961358,5.26,0.0029618153649866,-0.0014754261492812,-0.0125693680214279,0.0860478851483348,0.0029530689200853,-0.046363931773019,2026-05-14T01:01:52.309114+00:00,ok,,best_deal,2026-04-17T18:29:07.468649+00:00,,True,8,12.21,12.18125,1/1,22.4908,22.385,21.039,21.918,22.987,23.54,20.068,28.67,11.120102441887338,-0.0112304029468577,7,3,True,True,True,True,True,True,C,0.48225806451612907,81.0
AWP | Green Energy (Battle-Scarred),True,True,True,0.1191,0.3896041041525506,61,summary,True,True,True,True,True,10.63,50,-0.0027607038540848,-0.0009017132551848,527,3.5448014806604458,2.465676074158495,0.975298554368322,10.54,0.055063362117304,0.004092593735414,,0.2225765306122448,0.0521896258503401,-0.0061733484192754,2026-05-14T01:03:19.531312+00:00,ok,,best_deal,2026-04-17T03:59:51.987872+00:00,,True,8,10.9725,10.94375,1/1,9.5633,9.546,9.3102,9.389,9.728,9.856,8.035,10.672,5.707234950278668,-0.012905256531319,7,3,True,True,True,True,True,True,B,0.6645161290322581,53.0
AWP | Atheris (Minimal Wear),True,True,True,0.1783,2.887245115801378,334,summary,True,True,True,True,True,8.46,50,-0.0043046258154814,-0.0011614401858305,1205,5.241659624129751,4.114853716447349,0.9585948572585544,24.1,-0.0068574836016696,-0.00299491969493,-0.0099805359771114,0.0540378264785348,0.0234163914740318,-0.0174596885503341,2026-05-14T01:08:56.702632+00:00,ok,,best_deal,2026-04-17T03:50:42.559671+00:00,,True,8,8.73875,8.70125,1/1,9.9396,9.878,9.469,9.709,10.23,10.506,9.01,11.01,10.433015413095102,-0.0014988009592324,7,3,True,True,True,True,True,True,A,0.8822580645161291,19.0
AWP | Atheris (Battle-Scarred),True,True,True,0.4506,5.159752229719663,219,summary,True,True,True,True,True,4.15,50,-0.0082091092686362,-0.0011764705882352,870,5.602494013464064,4.427777526769976,0.955495004541326,17.4,0.0185609532538955,-0.0008772973726115,0.0058343229007427,0.0519685039370078,0.0294713160854893,-0.0271905280761452,2026-05-14T01:23:32.283592+00:00,ok,,best_deal,2026-04-17T03:50:32.045357+00:00,,True,8,4.92,4.8825,1/1,4.4266,4.404,4.208,4.3,4.548,4.727,3.566,4.927,11.724574165273577,0.0272706262999768,7,3,True,True,True,True,True,True,B,0.7870967741935484,34.0
AK-47 | Blue Laminate (Field-Tested),True,True,True,0.1285,1.826399311938209,400,summary,True,True,True,True,True,16.66,50,-0.0057190881588307,-0.0011806375442738,231,3.9025365136980392,4.2995419583441326,0.9564884661637696,4.62,-0.0283180166702287,-0.0058179523218571,-0.014659049131082,0.0598812273177168,0.0239744858682503,-0.0337197814308908,2026-05-14T01:14:03.328882+00:00,ok,,best_deal,2026-04-17T00:36:03.552052+00:00,,True,8,17.14375,17.04375,1/1,18.5136,18.294,17.498,17.943,18.6655,19.027,11.984,29.542,8.258793535563044,0.0137688834383187,7,3,True,True,True,True,True,True,C,0.4370967741935484,88.0
SSG 08 | Rapid Transit (Factory New),True,True,True,0.3415,2.8619903898548573,107,summary,True,True,True,True,True,12.63,50,-0.0118705406594503,-0.0011811023622048,112,11.611525003254128,6.074133059730637,0.937965279949953,2.24,-0.0438100621820237,-0.0192951268705188,-0.0293424095600901,0.1866686373041678,0.1180904522613064,-0.0624009710526244,2026-05-14T01:34:00.068140+00:00,ok,,best_deal,2026-04-18T18:29:48.161793+00:00,,True,8,12.8775,12.72625,1/1,13.0603,12.788,11.9947,12.316,13.8325,14.216,11.106,14.545,17.00803197476321,0.0660154403655268,7,3,True,True,True,True,True,True,C,0.22096774193548385,121.0
SG 553 | Integrale (Battle-Scarred),True,True,True,0.2026,0.6596412195318156,62,summary,True,True,True,True,True,4.07,50,-0.0005147578801698,-0.0012077294685991,211,2.328636255075215,3.5825173155003665,0.9643366619115548,4.22,-0.0229992959399202,-0.0020294889779724,-0.0270103264199345,0.104852269997598,0.003242853711266,-0.0219865209751282,2026-05-14T00:52:49.352566+00:00,ok,,best_deal,2026-04-18T17:43:28.082708+00:00,,True,8,4.438750000000001,4.43875,1/1,4.187,4.206,4.056,4.142,4.2395,4.266,3.831,4.841,5.015524241700501,-0.0151407617695765,7,3,True,True,True,True,True,True,C,0.4112903225806452,93.0
AUG | Stymphalian (Minimal Wear),True,True,True,0.1601,0.3676995007528329,87,summary,True,True,True,True,True,5.34,50,-0.0047326673761175,-0.0018657300887267,141,7.129746211374216,8.464677416908115,0.9155569007263924,2.82,0.0120520649204562,-0.0071442727248274,,0.1187678628135916,0.0342966020959034,-0.0777381742869644,2026-05-14T01:10:59.768062+00:00,ok,,best_deal,2026-04-17T02:58:27.480865+00:00,,True,8,5.81125,5.7875,1/1,6.5921,6.608,6.05,6.36,6.83,7.035,5.478,7.866,14.942127698305551,-0.065439976257605,7,3,True,True,True,True,True,True,C,0.267741935483871,114.0
AK-47 | Midnight Laminate (Battle-Scarred),True,True,True,0.0949,0.34881692924829943,65,summary,True,True,True,True,True,3.34,50,-0.0042854874585897,-0.0023990895469466,1075,2.900147907543287,1.769090223601402,0.9821949795680094,21.5,0.0726633460298857,0.0045064460855388,0.0140741511632753,0.0737503414367659,0.0737503414367659,0.0050672606676235,2026-05-14T01:08:41.525872+00:00,ok,,best_deal,2026-04-17T00:48:28.790541+00:00,,True,8,3.75375,3.73875,1/1,3.4481,3.426,3.365,3.391,3.491,3.577,3.181,4.163,6.148313563991755,0.0689051094890511,7,3,True,True,True,True,True,True,A,0.8564516129032258,23.0
MAG-7 | Justice (Field-Tested),True,True,True,0.1166,0.38716814159292035,55,summary,True,True,True,True,True,5.86,50,-0.0039162111984727,-0.0033058212506932,275,6.839842458134153,7.326899371636452,0.927588768385084,5.5,-0.0452505334412478,-0.006522067464216,-0.0159701400984239,0.0818434032059185,0.0067817509247842,-0.0609269377819801,2026-05-14T01:07:21.628242+00:00,ok,,best_deal,2026-04-18T03:26:46.039827+00:00,,True,8,6.8175,6.7875,1/1,6.6522,6.731,6.2436,6.427,6.882,7.0648,3.936,8.482,12.344788190373112,-0.0676821382382525,7,3,True,True,True,True,True,True,C,0.5016129032258064,78.0
M4A1-S | Nightmare (Battle-Scarred),True,True,True,0.4215,2.741113537809008,85,summary,True,True,True,True,True,8.49,50,-0.0109617974033434,-0.003579258166768,314,1.5622541416593538,2.387214242362924,0.9761749859786876,6.28,0.0306911272643359,0.0011876621645928,0.0123910730293266,0.0563080711966864,0.0526139035038621,-0.0175913122407118,2026-05-14T01:32:12.064319+00:00,ok,,best_deal,2026-04-17T22:12:38.960518+00:00,,True,8,8.49875,8.40625,1/1,8.8974,8.915,8.7026,8.848,8.987,9.018,7.521,11.779,3.5448558005709576,-0.0036805710461743,7,3,True,True,True,True,True,True,B,0.535483870967742,73.0
USP-S | Kill Confirmed (Field-Tested),True,True,True,0.0971,0.9240742480572294,217,summary,True,True,True,True,True,70.61,50,-0.0055709569192974,-0.0037416532459351,54,8.965480711434962,6.056017557879509,0.9391090914353528,1.08,0.0095614141659581,-0.0032796211142437,,0.1365031228564206,0.0363190006859453,-0.0597698657988372,2026-05-14T01:13:29.961233+00:00,ok,,best_deal,2026-04-19T07:50:46.882896+00:00,,True,8,75.28,74.85,1/2,86.8442,86.3725,81.1132,83.316,91.102,92.5778,68.385,93.795,13.201342173685738,-0.0400291120815137,7,3,True,True,True,True,True,True,C,0.03225806451612903,151.0
AK-47 | Frontside Misty (Field-Tested),True,True,True,0.1003,0.5206359233522848,400,summary,True,True,True,True,True,17.95,50,-0.0023843218392521,-0.0038859678527142,809,6.042886762940586,4.724273398566795,0.9524005864027856,16.18,-0.0058729797404962,-0.0082334150872786,-0.0106493201634758,0.0727697380472613,0.0368199303901812,-0.0249265926350155,2026-05-14T01:01:05.069462+00:00,ok,,best_deal,2026-04-17T00:41:16.957145+00:00,,True,8,19.74375,19.70625,1/1,21.9928,21.828,20.789,21.292,22.621,23.438,18.78,26.408,12.04485104215924,0.0382274629136554,7,3,True,True,True,True,True,True,B,0.7548387096774194,39.0
XM1014 | XOXO (Minimal Wear),True,True,True,0.126,0.4086735585518975,132,summary,True,True,True,True,True,6.62,50,-0.0007559790680182,-0.0044215396646103,148,7.557998027234422,5.858088979414063,0.9402846696265345,2.96,0.015200868621064,-0.0075483099882253,-0.0178020194145913,0.2057486631016042,0.0149732620320855,-0.0473829651436485,2026-05-14T00:53:52.579688+00:00,ok,,best_deal,2026-04-19T09:57:14.580698+00:00,,True,8,6.78625,6.78125,2/2,7.8063,7.658,7.2007,7.479,8.069,8.647,5.9,10.121,18.527343299642595,-0.160211069944987,7,3,True,True,True,True,True,True,C,0.27419354838709675,113.0
USP-S | Black Lotus (Factory New),True,True,True,0.1084,0.4000335692505664,106,summary,True,True,True,True,True,38.86,50,-0.0004920825710681,-0.0060012634238787,53,8.258550643834893,7.891640600338611,0.9216842961757528,1.06,-0.005515873015873,-0.0105388767140748,,0.2042316747136984,0.0912473564502612,-0.0731311441670711,2026-05-14T00:52:35.892088+00:00,ok,,best_deal,2026-04-18T22:24:50.811457+00:00,,True,8,44.45875,44.4275,1/1,48.7858,49.16,45.31,46.305,50.334,51.374,43.655,56.729,12.42984638972816,0.0416584402764066,7,3,True,True,True,True,True,True,C,0.02258064516129032,153.0
AWP | Printstream (Minimal Wear),True,True,True,0.1049,1.3337068214354124,328,summary,True,True,True,True,True,99.05,50,-0.0122137236281845,-0.0060270021226006,300,10.066535700712452,8.77821611523577,0.912198569409346,6.0,-0.0418870971168758,-0.0212170989842252,-0.0486778243620898,0.1665299198367907,0.0589526671175617,-0.083093923980257,2026-05-14T01:35:29.801416+00:00,ok,,best_deal,2026-04-17T04:52:58.796534+00:00,,True,8,98.2875,97.13,1/1,93.4085,93.388,85.1884,88.9,98.303,101.008,81.617,115.708,16.935931954800683,-0.004063649112733,7,3,True,True,True,True,True,True,B,0.5217741935483872,75.0
AK-47 | Wintergreen (Minimal Wear),True,True,True,0.1153,1.647273711270464,400,summary,True,True,True,True,True,3.13,50,-0.0119015987119748,-0.0093085106382979,2851,8.480163010907345,9.139398297974353,0.9085182963407318,57.02,-0.0333631218349717,-0.0146651053524009,-0.0469886100794791,0.2024653312788906,0.0665639445300462,-0.0680240272023854,2026-05-14T01:34:12.029236+00:00,ok,,best_deal,2026-04-17T01:47:55.424622+00:00,,True,8,3.535,3.495,1/1,3.3372,3.334,3.029,3.197,3.48,3.573,2.992,3.704,16.301090734747692,-0.0252328026434365,7,3,True,True,True,True,True,True,A,0.9870967741935484,3.0
M4A4 | Full Throttle (Battle-Scarred),True,True,True,0.0952,0.39761367404693454,66,summary,True,True,True,True,True,29.81,50,-0.0154216499998683,-0.0111944952650533,180,2.9783999192298327,2.489918576544591,0.9751632825343226,3.6,0.0250100546675999,0.000888206422843,-0.0017521816291911,0.0655408940301109,0.0365924548043943,-0.0270656791316827,2026-05-14T01:45:03.124861+00:00,ok,,best_deal,2026-04-17T23:09:54.905479+00:00,,True,8,29.91,29.4575,1/1,33.6758,33.7605,32.922,33.192,34.195,34.522,29.111,37.466,4.75118631183224,0.0166656816972992,7,3,True,True,True,True,True,True,C,0.3548387096774194,100.0
M4A1-S | Atomic Alloy (Field-Tested),True,True,True,0.1015,0.9054023033052998,164,summary,True,True,True,True,True,32.46,50,-0.0206395922330413,-0.0112697703094001,62,4.285016503604144,3.543168395968086,0.9641190137150566,1.24,-0.0381478636014419,-0.0089672998837786,-0.0275262003056494,0.085680931461399,0.0044545482473657,-0.0490663158260389,2026-05-14T02:03:19.982781+00:00,ok,,best_deal,2026-04-17T21:16:13.825562+00:00,,True,8,34.4575,33.78625,1/1,33.7805,33.3575,32.1606,32.7625,34.21,35.0449,31.568,45.471,8.538357928390628,-0.0248498374799657,7,3,True,True,True,True,True,True,C,0.06451612903225806,146.0
SSG 08 | Turbo Peek (Field-Tested),True,True,True,0.0766,0.3205869716098754,151,summary,True,True,True,True,True,17.98,50,-0.005914251505818,-0.013223285002773,110,6.627421688509084,7.145580761255084,0.9291632145816072,2.2,-0.0044556581490229,-0.0044363653166851,,0.0671879212725801,0.0,-0.0672670595519707,2026-05-14T01:14:43.947249+00:00,ok,,best_deal,2026-04-18T19:25:06.418241+00:00,,True,8,18.44875,18.34,1/1,19.1447,19.312,17.944,18.468,19.7368,20.1378,16.643,22.849,11.459046106755393,-0.0141406623783955,7,3,True,True,True,True,True,True,C,0.2120967741935484,123.0
UMP-45 | Continuum (Factory New),True,True,True,0.2026,0.562944756090309,112,summary,True,True,True,True,True,4.9,50,-0.0199985606538378,-0.0132382892057026,206,0.4113708055857963,0.8485675810289854,0.9912129894937918,4.12,-0.0001915708812258,-0.0004781804621132,,0.0147537842498562,0.0057482276298141,-0.014298837244611,2026-05-14T02:01:04.612826+00:00,ok,,best_deal,2026-04-18T21:26:55.295135+00:00,,True,8,4.98,4.8825,1/1,5.4209,5.235,5.189,5.223,5.2453,5.339,2.789,12.463,2.767068199007552,-0.002294016440451,7,3,True,True,True,True,True,True,C,0.4048387096774193,94.0
M4A1-S | Black Lotus (Minimal Wear),True,True,True,0.1113,1.5835647097325887,400,summary,True,True,True,True,True,8.86,50,-0.0104608199337568,-0.0135811735197993,1975,7.258749036557164,4.478179849166313,0.9547872340425532,39.5,0.0065152821692058,-0.0040442301574617,-0.0082568516612226,0.0940504521656353,0.0750118990956687,-0.0230935179611265,2026-05-14T01:30:41.250503+00:00,ok,,best_deal,2026-04-17T21:17:18.292028+00:00,,True,8,9.75375,9.65625,1/1,10.2497,10.152,9.693,9.83,10.574,11.021,9.467,11.486,12.956476774930008,0.0123349715717451,7,3,True,True,True,True,True,True,A,0.9548387096774194,8.0
Dual Berettas | Melondrama (Battle-Scarred),True,True,True,0.2049,0.7517093390555653,63,summary,True,True,True,True,True,6.59,46,-0.008372537690824,-0.0144012707722385,714,5.61984973339797,4.756422685409598,0.9527250828063836,15.521739130434783,-0.039612676056338,-0.0100866591501975,-0.0244154501415303,0.0743965780629392,0.023220287198289,-0.0315756493329356,2026-05-14T01:24:13.830381+00:00,ok,,best_deal,2026-04-17T08:59:57.400617+00:00,,False,8,7.7775,7.7325,1/1->1/1,6.6016,6.642,6.328,6.42,6.791,6.856,5.129,6.984,7.998061076102757,-0.0187378204167291,7,3,True,True,True,True,True,True,B,0.7258064516129031,44.0
SSG 08 | Bloodshot (Field-Tested),True,True,True,0.1847,0.6444758894604828,107,summary,True,True,True,True,True,19.18,50,-0.0158332976833174,-0.0156120226910202,140,7.4286005759252145,4.913912628157268,0.9503490605819238,2.8,0.0573004299869133,-0.0012814357594728,,0.0912828220316506,0.0864645035805852,-0.0533767520325538,2026-05-14T01:46:45.846816+00:00,ok,,best_deal,2026-04-18T18:08:10.676211+00:00,,True,8,20.445,20.13375,1/1,21.5653,21.343,20.2833,20.862,22.464,22.72,17.122,28.932,11.29917042656489,0.0769816710307067,7,3,True,True,True,True,True,True,C,0.26129032258064516,115.0
M4A4 | Evil Daimyo (Field-Tested),True,True,True,0.2554,4.178005002611253,275,summary,True,True,True,True,True,3.45,50,-0.0162331692719185,-0.0158045977011493,889,4.232224656442938,2.2903804023102987,0.9769423558897244,17.78,-0.018957345971564,-0.0043108681930517,-0.0146272499607096,0.0495804729214339,0.0068649885583523,-0.0136630615364196,2026-05-14T01:47:51.847321+00:00,ok,,best_deal,2026-04-17T23:07:39.828836+00:00,,True,8,3.57125,3.51375,1/1,4.0168,3.99,3.898,3.933,4.103,4.242,3.481,4.877,8.564031069508063,0.0007633587786257,7,3,True,True,True,True,True,True,B,0.8,32.0
Glock-18 | Nuclear Garden (Minimal Wear),True,True,True,0.1085,0.697566781274795,201,summary,True,True,True,True,True,5.01,50,-0.0186041240120932,-0.0160075329566855,392,7.7534434850159855,5.146553527144522,0.9480235365117684,7.84,-0.0315144441202217,-0.005353465335224,-0.0159730667687943,0.0885808978608014,0.0284724314552576,-0.0511406139832769,2026-05-14T01:56:20.468219+00:00,ok,,best_deal,2026-04-17T19:14:22.121025+00:00,,True,8,5.58375,5.484999999999999,1/1,6.6938,6.628,6.2835,6.439,6.958,7.121,5.934,7.545,12.511577878036396,-0.0567002984226232,7,3,True,True,True,True,True,True,B,0.6193548387096774,60.0
AK-47 | Ice Coaled (Well-Worn),True,True,True,0.0785,0.5138591950789543,49,summary,True,True,True,True,True,5.82,41,-0.0127390526624175,-0.0167719882089728,531,5.042820501673693,3.825587966786944,0.9616055846422338,12.951219512195122,0.0075712589073635,-0.0054379313030977,-0.0100454033445022,0.073228230440548,0.0075143656991307,-0.0281026888888211,2026-05-14T01:38:20.427291+00:00,ok,,best_deal,2026-04-17T00:44:37.194589+00:00,,False,8,6.0225,5.95625,1/1->1/1,6.9009,6.876,6.612,6.745,7.093,7.238,5.902,7.722,9.071280557608432,-0.0162342368459197,7,3,True,True,True,True,True,True,B,0.6774193548387097,52.0
AWP | Redline (Field-Tested),True,True,True,0.1595,2.6646352763918273,400,summary,True,True,True,True,True,39.32,50,-0.0151483435087127,-0.0172018108306907,99,3.985230379208614,3.9892416830628656,0.9554654963951458,1.98,-0.0094748422730641,-0.0053419986429283,,0.0414692748826983,0.0052247432962349,-0.0455564350578162,2026-05-14T01:43:53.649416+00:00,ok,,best_deal,2026-04-17T04:53:39.818286+00:00,,True,8,39.81375,39.2225,1/1,49.8591,44.662,42.673,43.9805,45.9675,49.2902,39.995,276.954,13.27179993220896,-0.0152675163500816,7,3,True,True,True,True,True,True,C,0.17741935483870966,129.0
USP-S | Alpine Camo (Factory New),True,True,True,0.2493,1.4732133697191043,400,summary,True,True,True,True,True,3.69,50,-0.0119186706869572,-0.0180388794621877,998,3.508771929824559,2.323991797675995,0.9765085214187011,19.96,0.0543109300746775,0.0115524937239839,0.0184985669193813,0.0815625670744794,0.0815625670744794,-0.0087307630974833,2026-05-14T01:34:32.076464+00:00,ok,,best_deal,2026-04-18T22:24:19.793953+00:00,,True,8,4.98,4.9225,1/1,4.389,4.342,4.24,4.281,4.435,4.571,4.053,8.548,7.541581225791741,0.0888057957466696,7,3,True,True,True,True,True,True,A,0.832258064516129,27.0
USP-S | Cyrex (Factory New),True,True,True,0.1761,0.5506758294270241,250,summary,True,True,True,True,True,16.22,50,-0.0240511661326888,-0.019543026843827,421,7.86701884823583,8.099360855670783,0.9199274632278864,8.42,-0.0020465442638287,0.0112806598793574,-0.0162990915125131,0.2151911095486416,0.0977910587683833,-0.085563756633539,2026-05-14T02:10:59.035710+00:00,ok,,best_deal,2026-04-18T22:26:56.294495+00:00,,True,8,21.665,21.1725,1/1,24.5328,24.815,22.828,23.537,25.467,26.397,19.677,27.538,14.547870605882732,0.1083907000909207,7,3,True,True,True,True,True,True,B,0.632258064516129,58.0
AK-47 | Cartel (Minimal Wear),True,True,True,0.131,1.9152789089711824,244,summary,True,True,True,True,True,22.77,50,-0.0132284473449111,-0.0200347207937762,168,6.343015109630025,5.786344529859503,0.9422677296255716,3.36,0.0410868638319315,-0.0083873419571533,-0.0011215210958509,0.0785211660895789,0.0530176104843815,-0.0583021628581344,2026-05-14T01:38:39.399174+00:00,ok,,best_deal,2026-04-17T00:37:10.993314+00:00,,True,8,23.1375,22.83375,1/1,26.407,26.467,24.939,25.627,27.302,27.7735,21.37,31.089,10.733896315370918,0.0394349845201238,7,3,True,True,True,True,True,True,C,0.3096774193548387,108.0
Glock-18 | Vogue (Factory New),True,True,True,0.2244,1.1693937301320063,267,summary,True,True,True,True,True,15.62,50,-0.0148438076992892,-0.0217185070936309,248,5.806275198827115,5.050528557216256,0.9491714971602552,4.96,0.0668943922573297,0.0024756905294745,0.0221014592496466,0.1287620064034149,0.1287620064034149,-0.049844168076647,2026-05-14T01:43:18.899242+00:00,ok,,best_deal,2026-04-17T19:27:17.699235+00:00,,True,8,16.0375,15.805,1/1,17.1883,17.079,16.2109,16.378,17.376,17.801,2.045,34.285,9.251060314283553,0.0989268750366503,7,3,True,True,True,True,True,True,C,0.4532258064516129,85.0
UMP-45 | K.O. Factory (Battle-Scarred),True,True,True,0.1269,0.49377839225755477,69,summary,True,True,True,True,True,4.41,50,-0.0178488986329156,-0.0218450716162387,766,4.630804364374531,4.165609405396263,0.9582538673447764,15.32,0.0529731993299833,0.0040189928273055,0.0158519312221279,0.0870948498707496,0.0870948498707496,-0.0352505895985213,2026-05-14T01:53:25.076433+00:00,ok,,best_deal,2026-04-18T21:32:09.070148+00:00,,True,8,4.41125,4.33375,1/1,4.7292,4.719,4.522,4.624,4.843,5.02,2.15,5.216,10.530322253235209,0.0775658881508463,7,3,True,True,True,True,True,True,B,0.7338709677419355,42.0
AK-47 | Elite Build (Minimal Wear),True,True,True,0.0832,1.6034021105685934,400,summary,True,True,True,True,True,3.29,50,-0.0179721860171708,-0.0223855455867229,1835,6.367090265950476,4.270928861522332,0.9571503680336488,36.7,-0.0049171842650103,-0.0020905531484492,-0.0096495242600147,0.0678803641092328,0.0319895968790637,-0.0291546476282782,2026-05-14T01:54:31.618431+00:00,ok,,best_deal,2026-04-17T00:39:04.740626+00:00,,True,8,3.33125,3.2725,1/1,3.8165,3.804,3.641,3.692,3.935,4.0,3.582,4.167,9.40652430237128,0.0023461939520335,7,3,True,True,True,True,True,True,A,0.9419354838709677,10.0
AWP | Exoskeleton (Field-Tested),True,True,True,0.0899,0.8874980762324937,120,summary,True,True,True,True,True,5.62,50,-0.0214557778892623,-0.0235607855123404,460,8.402483433824855,4.484806877201367,0.9546928006030908,9.2,-0.0056843679880328,-0.0089730954497764,-0.0147027535003652,0.105912441703024,0.0394162780201595,-0.0461318432260376,2026-05-14T02:05:22.339402+00:00,ok,,best_deal,2026-04-17T03:58:00.944784+00:00,,True,8,5.82625,5.70375,1/1,6.7004,6.6325,6.332,6.438,7.001,7.1282,5.83,7.818,11.882872664318544,0.0324634979807394,7,3,True,True,True,True,True,True,B,0.6387096774193548,57.0
AK-47 | Searing Rage (Minimal Wear),True,True,True,0.1491,0.787367083894565,355,summary,True,True,True,True,True,8.68,50,-0.0189580885639199,-0.0242316784869975,1407,5.442968287438576,4.601593418578799,0.9538012305767024,28.14,0.0246989811670268,-0.0035089946537865,-0.0096967076640439,0.1031435171236317,0.0745204378828965,-0.0356842318010284,2026-05-14T01:57:43.370442+00:00,ok,,best_deal,2026-04-17T01:42:44.477653+00:00,,True,8,10.52125,10.33375,1/1,9.6271,9.589,9.146,9.358,9.882,10.195,8.924,10.515,10.89632391893716,0.0327766829167099,7,3,True,True,True,True,True,True,A,0.9032258064516129,16.0
AWP | Hyper Beast (Minimal Wear),True,True,True,0.0879,1.0642544516202614,181,summary,True,True,True,True,True,56.27,50,-0.0205055765455391,-0.0247561117096212,65,9.200734283681406,12.47572233899824,0.8748961670819984,1.3,-0.0252921932871204,-0.0042597604492748,0.0054031386945336,0.1092276074163881,0.0759233521601561,-0.1380282432151696,2026-05-14T02:02:50.180436+00:00,ok,,best_deal,2026-04-17T04:41:31.369663+00:00,,True,8,56.21875,55.08875,1/1,67.6033,67.416,58.982,62.499,68.719,71.655,47.448,138.856,18.746126298568267,0.0821613145810331,7,3,True,True,True,True,True,True,C,0.07096774193548387,145.0
AK-47 | Nouveau Rouge (Minimal Wear),True,True,True,0.0802,0.7250318879765547,200,summary,True,True,True,True,True,44.83,50,-0.0230471873147235,-0.0281433437920215,318,6.292707408408294,6.448416528330046,0.9355067054493038,6.36,-0.0179706662662062,-0.0092379933666154,-0.0436595944302744,0.1918646141298807,0.0661637271893158,-0.070193796311274,2026-05-14T02:08:45.120933+00:00,ok,,best_deal,2026-04-17T00:50:41.239315+00:00,,True,8,46.65375,45.59625,1/1,38.8545,38.849,36.3435,37.612,40.057,41.6034,34.184,52.024,13.53742809713161,0.0035809289952937,7,3,True,True,True,True,True,True,B,0.5419354838709678,72.0
M4A1-S | Black Lotus (Battle-Scarred),True,True,True,0.308,3.7114376295573703,206,summary,True,True,True,True,True,5.7,50,-0.0202402896450752,-0.028218782660628,837,3.955464400820383,2.6206986359345064,0.9736368102177828,16.74,0.0349817141039912,0.0051442269141975,0.0112600249672376,0.0812720848056536,0.0812720848056536,-0.0214682036945061,2026-05-14T02:02:20.198046+00:00,ok,,best_deal,2026-04-17T21:17:05.341670+00:00,,True,8,6.0025,5.89,1/1,6.1434,6.107,5.946,6.009,6.252,6.4,5.757,6.851,7.390044600709715,0.0611346592761656,7,3,True,True,True,True,True,True,B,0.7741935483870968,36.0
Tec-9 | Bamboo Forest (Factory New),True,True,True,0.1909,0.6879574082488146,174,summary,True,True,True,True,True,32.39,50,-0.0319651739711601,-0.0283443548176892,58,6.2793899748919575,6.3799173864778815,0.9362545818060646,1.16,-0.0391738390128985,-0.0117389615731376,,0.168910143590615,0.0163982181654872,-0.0890752728129203,2026-05-14T02:28:38.168930+00:00,ok,,best_deal,2026-04-18T19:27:46.953689+00:00,,True,8,34.86125,33.77375,1/1,41.9786,42.014,39.3358,40.813,43.449,43.9716,31.556,50.306,11.043245844311157,-0.019529204550864,7,3,True,True,True,True,True,True,C,0.04838709677419355,149.0
MP9 | Hydra (Field-Tested),True,True,True,0.129,0.7198586145954567,216,summary,True,True,True,True,True,6.16,50,-0.0265706523223908,-0.0289981648130541,255,9.3310924369748,5.727731092436977,0.9423076923076924,5.1,0.0500612161610665,0.0076109560576768,0.0194733097386337,0.099624303666278,0.0952195880295375,-0.0681413665465452,2026-05-14T02:17:13.200760+00:00,ok,,best_deal,2026-04-18T07:31:38.583142+00:00,,True,8,6.57375,6.4037500000000005,1/1,7.4375,7.384,6.958,7.044,7.738,8.0772,5.898,9.689,15.048067226890746,0.0085581759979096,7,3,True,True,True,True,True,True,C,0.4758064516129032,82.0
AK-47 | Redline (Battle-Scarred),True,True,True,0.1202,1.5058172517093462,167,summary,True,True,True,True,True,30.45,50,-0.0265922175445679,-0.0293359599728754,97,4.901057366423537,4.77860902431786,0.9525922712200564,1.94,-0.0243135098811813,-0.0069117611213108,,0.0632063362865104,0.0,-0.0650113611795033,2026-05-14T02:17:30.207053+00:00,ok,,best_deal,2026-04-17T01:41:12.248005+00:00,,True,8,31.32,30.5125,1/1,32.0135,32.269,30.7392,31.538,33.107,33.175,20.81,34.14,7.608665094413283,-0.0370202888064875,7,3,True,True,True,True,True,True,C,0.1645161290322581,131.0
UMP-45 | Wild Child (Well-Worn),True,True,True,0.1635,1.316220481820077,64,summary,True,True,True,True,True,3.45,38,-0.0313024901027788,-0.0299856140981837,1043,3.808063543132917,4.423889000603261,0.9557788944723618,27.44736842105263,-0.0086206896551723,-0.0066586196413793,-0.0076267352274939,0.0739130434782607,0.020460358056266,-0.0464605381620814,2026-05-14T02:27:22.056599+00:00,ok,,best_deal,2026-04-18T22:23:58.664742+00:00,,False,8,4.015,3.90125,1/1->1/1,3.9784,3.98,3.804,3.8915,4.043,4.3,3.443,4.414,12.467323547154637,0.0020502306509482,7,3,True,True,True,True,True,True,A,0.853225806451613,24.0
Five-SeveN | Heat Treated (Battle-Scarred),True,True,True,0.0997,0.5318334026394697,400,summary,True,True,True,True,True,4.4,50,-0.0385274235537743,-0.031164479335211,269,3.9475511297137498,3.292932098153171,0.9662533035169752,5.38,0.040440814720063,0.0043133015767588,0.023840974458041,0.0883298657083411,0.0883298657083411,-0.0553603309608827,2026-05-14T02:43:04.378255+00:00,ok,,best_deal,2026-04-17T12:01:01.209995+00:00,,True,8,4.72375,4.55,1/1,5.0411,4.919,4.753,4.82,5.019,5.144,3.965,24.969,7.756243676975264,0.0968879668049791,7,3,True,True,True,True,True,True,C,0.4951612903225806,79.0
FAMAS | Mecha Industries (Factory New),True,True,True,0.1969,0.5539458516372248,77,summary,True,True,True,True,True,79.4,50,-0.0298936155646766,-0.0314055702998529,85,5.831007268477326,3.612689285904432,0.9638832097054896,1.7,0.0554222669384034,0.0050663330540354,,0.0698502452458162,0.0685303175974057,-0.0573932331405411,2026-05-14T02:24:13.859193+00:00,ok,,best_deal,2026-04-17T10:49:41.958569+00:00,,True,8,83.22625,80.8425,1/1,118.3329,118.366,114.091,115.996,122.896,125.991,93.212,129.043,10.056374854330455,0.0489144136637309,7,3,True,True,True,True,True,True,C,0.12903225806451613,136.0
Tec-9 | Remote Control (Minimal Wear),True,True,True,0.1238,0.9339782525328747,90,summary,True,True,True,True,True,7.27,50,-0.0399611579631183,-0.0326421944069001,56,4.674089678001818,3.340355100812517,0.96612548828125,1.12,0.0257457184983553,0.0043890138252522,0.0016614305502082,0.1134453781512604,0.1134453781512604,-0.0668379917526684,2026-05-14T02:48:07.810259+00:00,ok,,best_deal,2026-04-18T20:28:57.942749+00:00,,True,8,8.40375,8.09125,1/1,8.3075,8.192,7.9145,8.091,8.4793,8.6835,7.369,10.395,9.256695756846224,0.1086050502574158,7,3,True,True,True,True,True,True,C,0.03870967741935484,150.0
AWP | Elite Build (Battle-Scarred),True,True,True,0.1722,0.6692708333333334,69,summary,True,True,True,True,True,14.87,50,-0.0312242073319285,-0.0327920555768657,98,1.943314019949176,2.0942066379687674,0.979051912836094,1.96,0.0296256755855073,0.0020004778088851,,0.0502883805326939,0.0287732486553041,-0.0427404394904374,2026-05-14T02:26:52.620037+00:00,ok,,best_deal,2026-04-17T03:57:23.093351+00:00,,True,8,15.4225,14.95625,1/1,15.3089,15.3045,14.9839,15.1255,15.423,15.637,14.372,16.012,4.266145836735495,0.0124663735975329,7,3,True,True,True,True,True,True,C,0.17096774193548386,130.0
Desert Eagle | Printstream (Factory New),True,True,True,0.2292,1.1441176441191432,239,summary,True,True,True,True,True,87.49,50,-0.0291845719805005,-0.0329337243644634,76,4.355948122918706,4.287354249879041,0.9560502616171636,1.52,-0.0338106798502108,-0.0102711478040852,,0.086701321424575,0.0,-0.06403010366366,2026-05-14T02:22:20.006649+00:00,ok,,best_deal,2026-04-17T07:52:27.724019+00:00,,True,8,88.0025,85.50625,1/1,105.403,102.822,98.303,100.5517,105.143,108.189,93.115,190.175,9.379239680085002,-0.0430190222152995,7,3,True,True,True,True,True,True,C,0.1,141.0
Galil AR | Rainbow Spoon (Minimal Wear),True,True,True,0.0778,0.7895426549600313,400,summary,True,True,True,True,True,42.85,50,-0.0340996312964387,-0.0331753937408055,170,8.46950527185979,6.0020595899912825,0.9395977269939904,3.4,-0.0437891999388098,-0.0075834106075966,-0.019093462207617,0.1320641523017239,0.0730712314522258,-0.0812511736666277,2026-05-14T02:32:06.282333+00:00,ok,,best_deal,2026-04-17T17:28:31.810331+00:00,,True,8,44.95125,43.4625,1/1,49.2331,48.922,45.967,46.961,51.1308,51.8983,39.662,65.421,12.047382756722612,0.0788315498791853,7,3,True,True,True,True,True,True,C,0.3161290322580645,107.0
Desert Eagle | Kumicho Dragon (Minimal Wear),True,True,True,0.0943,0.9145045352025832,101,summary,True,True,True,True,True,29.88,50,-0.0360190584156812,-0.037304170719136,100,10.12223534997737,5.131786712012637,0.9478468228363024,2.0,0.0064608758076092,-0.0161069655535419,-0.018832896200161,0.1140085592011411,0.018231098430813,-0.0777945004414143,2026-05-14T02:37:55.290654+00:00,ok,,best_deal,2026-04-17T06:59:18.899751+00:00,,True,8,30.835,29.76125,1/1,36.2252,35.645,33.786,34.2755,37.9423,38.98,32.756,46.283,14.33808508993738,-0.0095792477888611,7,3,True,True,True,True,True,True,C,0.18629032258064515,128.0
AUG | Eye of Zapems (Field-Tested),True,True,True,0.1716,0.5444056228162834,344,summary,True,True,True,True,True,3.94,50,-0.0355716104049481,-0.0376152345064262,944,3.028253902919465,2.7636491929556435,0.9723691945914168,18.88,-0.0422575976845152,-0.0083315154227021,-0.0534800566820869,0.1949229374433363,0.0,-0.0372397747332786,2026-05-14T02:37:06.480636+00:00,ok,,best_deal,2026-04-17T02:45:30.370904+00:00,,True,8,4.005,3.8675,1/1,3.4013,3.402,3.308,3.333,3.436,3.505,2.926,3.832,5.791903095875108,-0.00749850029994,7,3,True,True,True,True,True,True,A,0.8129032258064516,30.0
Glock-18 | Water Elemental (Battle-Scarred),True,True,True,2.7706,16.86772064138515,37,summary,True,True,True,True,True,19.56,33,-0.0349479953932352,-0.0393520046196996,100,4.647066981001257,5.44076179910322,0.9462360679700348,3.0303030303030303,0.0718835727902544,0.0101384598629062,0.033796670714955,0.0854986335834815,0.0854986335834815,-0.0772488593624834,2026-05-14T02:35:00.875397+00:00,ok,,best_deal,2026-04-17T20:09:30.814215+00:00,,False,8,20.15125,19.47125,1/1->1/1,21.633,21.892,20.715,21.4367,22.442,22.652,3.82,23.795,8.953913003282029,0.0625460914454276,7,3,True,True,True,True,True,True,C,0.2120967741935484,124.0
Glock-18 | Ramese's Reach (Minimal Wear),True,True,True,0.1217,1.0452278204337837,105,summary,True,True,True,True,True,27.79,50,-0.0391505215701972,-0.0399717064518098,60,11.432709282535384,7.47240046372154,0.9240214256283478,1.2,-0.0361499299552396,-0.0077799766654442,,0.1784891346733312,0.0739480307703214,-0.1070260725909684,2026-05-14T02:46:30.716944+00:00,ok,,best_deal,2026-04-17T19:17:40.505778+00:00,,True,8,29.5925,28.48,1/1,28.3791,27.9105,25.7899,26.3105,29.555,31.2018,23.738,47.821,19.07001983854315,0.0251108365433534,7,3,True,True,True,True,True,True,C,0.05806451612903226,147.0
USP-S | Monster Mashup (Field-Tested),True,True,True,0.1332,1.0181487639262239,61,summary,True,True,True,True,True,24.59,50,-0.0403259292870576,-0.0423098628037912,105,2.522550068796817,3.4155188948034096,0.9655184509611336,2.1,0.0101733232856064,0.0048028926082536,0.0038921429574094,0.063239632430233,0.0572038927130311,-0.0646538843584062,2026-05-14T02:49:05.778709+00:00,ok,,best_deal,2026-04-19T07:51:27.259039+00:00,,True,8,25.355,24.37125,1/2,28.7804,28.508,27.525,28.192,28.918,29.8972,26.542,39.314,8.242414976859262,0.0274177814938683,7,3,True,True,True,True,True,True,C,0.19516129032258067,126.0
UMP-45 | K.O. Factory (Factory New),True,True,True,0.2068,0.6083612135769637,137,summary,True,True,True,True,True,29.85,50,-0.0430662663010765,-0.0430249148759815,155,8.07958244255696,7.131988983263028,0.9226554341015109,3.1,-0.0244711029085068,-0.0020818959403842,-0.0171680701305241,0.1201695687208772,0.0417965876046665,-0.102130478999312,2026-05-14T02:54:58.466356+00:00,ok,,best_deal,2026-04-18T21:32:11.098639+00:00,,True,8,30.97125,29.6925,1/1,31.1526,28.726,26.5042,27.1875,29.7045,41.0568,24.131,60.384,46.71391793943364,0.037738592983094,7,3,True,True,True,True,True,True,C,0.29516129032258065,110.0
MP7 | Nemesis (Minimal Wear),True,True,True,0.1516,0.5599754878654367,120,summary,True,True,True,True,True,8.55,50,-0.0365771833908213,-0.043327998421612,91,7.297363389800358,8.370014672535683,0.9162029824170932,1.82,-0.038996918499628,-9.71129926470463e-05,-0.0227834845322689,0.1794559929234851,0.0435095090667845,-0.1112723479497909,2026-05-14T02:39:09.404630+00:00,ok,,best_deal,2026-04-18T06:18:10.741248+00:00,,True,8,10.0275,9.66375,1/1,8.9964,8.986,8.233,8.574,9.2305,9.46,4.039,14.13,13.638788848872888,0.0134468848050202,7,3,True,True,True,True,True,True,C,0.15564516129032258,132.0
AK-47 | Crane Flight (Minimal Wear),True,True,True,0.0845,0.7737728868357152,150,summary,True,True,True,True,True,59.08,50,-0.0462720040622884,-0.0455314827352741,811,5.77088466124616,4.0009805102808205,0.9599467620513248,16.22,0.0406303866042847,0.0036878687748211,0.0130420853888066,0.0768457169900616,0.0768457169900616,-0.0615611462227439,2026-05-14T03:01:08.310851+00:00,ok,,best_deal,2026-04-17T00:38:01.406089+00:00,,True,8,61.81375,59.08,1/1,48.1382,48.086,46.16,46.63,49.408,50.371,44.9,52.135,8.747730492623335,0.0832425504645948,7,3,True,True,True,True,True,True,B,0.7612903225806451,38.0
USP-S | Jawbreaker (Minimal Wear),True,True,True,0.0902,0.4281095449259435,273,summary,True,True,True,True,True,7.63,50,-0.0477355617817215,-0.0472066461185882,1357,1.301796037244609,1.202506508980186,0.9879478107032288,27.14,-0.0127179037386251,-0.0012728506900242,-0.0061633256240983,0.0268739589117158,0.0005552470849528,-0.0307741450095488,2026-05-14T03:04:59.232159+00:00,ok,,best_deal,2026-04-19T07:50:37.260863+00:00,,True,8,8.0125,7.6475,1/2,9.0644,9.044,8.935,8.999,9.117,9.232,8.745,9.746,3.276554432725816,-0.0019949019173223,7,3,True,True,True,True,True,True,A,0.8951612903225807,17.0
SSG 08 | Big Iron (Minimal Wear),True,True,True,0.1169,0.31672095028259406,79,summary,True,True,True,True,True,15.46,50,-0.0441444376554309,-0.0476415094339622,53,6.547320774665338,6.311639253087815,0.9372975929978118,1.06,-0.0189481516915147,-0.0073350071276573,,0.1545400368403943,0.0269801711994797,-0.1009834857789259,2026-05-14T02:56:31.753569+00:00,ok,,best_deal,2026-04-18T18:07:09.796038+00:00,,True,8,17.05875,16.33375,1/1,18.1601,18.28,17.1338,17.831,19.02,19.6118,8.066,22.661,13.645299310025816,-0.0295478443743428,7,3,True,True,True,True,True,True,C,0.02258064516129032,152.0
Desert Eagle | Mulberry (Field-Tested),True,True,True,0.242,1.526477793831271,400,summary,True,True,True,True,True,3.49,50,-0.0343414542034638,-0.0477643450018044,1815,13.216632392034914,9.705572553543664,0.9025679758308156,36.3,0.0314356435643563,-0.0052058602140157,-0.020398070040729,0.2119030477561794,0.1322294216462682,-0.0999630031027266,2026-05-14T02:33:20.463124+00:00,ok,,best_deal,2026-04-17T07:47:42.882624+00:00,,True,8,4.43125,4.2925,1/1,3.9874,3.972,3.585,3.713,4.24,4.387,3.557,4.528,20.113357074785565,-0.0023940627244433,7,3,True,True,True,True,True,True,A,0.9354838709677419,11.0
USP-S | The Traitor (Battle-Scarred),True,True,True,0.085,0.45548727680088924,59,summary,True,True,True,True,True,31.49,50,-0.0459195360974676,-0.0477828647972251,117,7.706388782922994,3.86911214607009,0.9604754829123328,2.34,-0.0061566465014186,-0.0072176653460488,,0.14514652014652,0.0540562378797672,-0.0741357282219372,2026-05-14T03:00:16.903164+00:00,ok,,best_deal,2026-04-19T08:48:42.109271+00:00,,True,8,35.27875,33.74125,2/2,36.4373,35.669,34.2592,34.808,37.616,40.51,32.606,42.305,17.154948363352933,0.0571452976851456,7,3,True,True,True,True,True,True,C,0.22741935483870968,120.0
SCAR-20 | Bloodsport (Factory New),True,True,True,0.2035,0.6303169215850487,70,summary,True,True,True,True,True,23.0,50,-0.0391100804157042,-0.0483004447246863,58,2.8297366999317,4.750885991648061,0.952534202396714,1.16,0.0336511885019348,0.0035457759952172,0.0317485401288757,0.1271141119058761,0.1208302694030349,-0.0799298653091662,2026-05-14T02:46:11.829382+00:00,ok,,best_deal,2026-04-19T04:56:02.385315+00:00,,True,8,23.76875,22.885,2/2,29.4303,29.457,28.0588,29.0832,29.916,30.1087,25.559,40.253,6.9652704865393735,-0.0062446024048363,7,3,True,True,True,True,True,True,C,0.04838709677419355,148.0
UMP-45 | Neo-Noir (Field-Tested),True,True,True,0.1578,0.4064481625792652,123,summary,True,True,True,True,True,5.67,50,-0.0485464101096521,-0.0520179790608933,249,6.283255971923468,4.887920298879211,0.9501155401502022,4.98,0.0864384748700173,0.0075002556846252,0.0412044418255088,0.1392489199069458,0.1392489199069458,-0.081891589418676,2026-05-14T03:05:50.105507+00:00,ok,,best_deal,2026-04-18T22:20:48.584920+00:00,,True,8,5.83125,5.56125,1/1,7.0664,6.924,6.5786,6.83,7.274,7.7312,5.355,10.907,16.31099286765539,0.0905334879675268,7,3,True,True,True,True,True,True,C,0.4629032258064516,84.0
AK-47 | Cartel (Battle-Scarred),True,True,True,0.1578,1.2173162663598447,60,summary,True,True,True,True,True,18.15,50,-0.0446506328370792,-0.0568993952721275,80,4.525979120149669,3.054533019532106,0.9693054046542184,1.6,-0.0349126567620173,-0.0084791392730376,-0.01213657343688,0.057799336226704,0.0081439877457238,-0.0668964960729839,2026-05-14T02:57:49.875248+00:00,ok,,best_deal,2026-04-17T00:36:57.912708+00:00,,True,8,18.91125,18.1075,1/1,19.8852,19.7885,19.1811,19.464,20.364,20.6489,17.994,21.548,7.38136905839519,-0.0038655205737246,7,3,True,True,True,True,True,True,C,0.11612903225806452,138.0
AWP | The End (Minimal Wear),True,True,True,0.4978,3.0005098507735273,36,summary,True,True,True,True,True,39.82,50,-0.0484320423492854,-0.0569242738589211,266,3.260411970369659,2.8349461225879087,0.971531369462559,5.32,-0.0246314065059676,0.0013160204345158,-0.0284079254746916,0.1353248155479575,0.0124467638414012,-0.0607671620095167,2026-05-14T03:05:16.273754+00:00,ok,,best_deal,2026-04-17T04:56:54.165794+00:00,,True,8,40.585,38.7175,1/1,33.4927,33.3525,32.403,32.927,34.019,34.823,25.581,37.839,7.225455099170869,-0.0300791249709099,7,3,True,True,True,True,True,True,C,0.48870967741935484,80.0
